==2450932== Memcheck, a memory error detector
==2450932== Copyright (C) 2002-2017, and GNU GPL'd, by Julian Seward et al.
==2450932== Using Valgrind-3.18.1 and LibVEX; rerun with -h for copyright info
==2450932== Command: ./minishell
==2450932== Parent PID: 2449161
==2450932== 
==2450934== 
==2450934== HEAP SUMMARY:
==2450934==     in use at exit: 208,263 bytes in 226 blocks
==2450934==   total heap usage: 588 allocs, 362 frees, 232,308 bytes allocated
==2450934== 
==2450934== 8 bytes in 1 blocks are still reachable in loss record 1 of 67
==2450934==    at 0x4848899: malloc (in /usr/libexec/valgrind/vgpreload_memcheck-amd64-linux.so)
==2450934==    by 0x48AD4A7: xrealloc (in /usr/lib/x86_64-linux-gnu/libreadline.so.8.1)
==2450934==    by 0x4899626: ??? (in /usr/lib/x86_64-linux-gnu/libreadline.so.8.1)
==2450934==    by 0x4899E0D: rl_expand_prompt (in /usr/lib/x86_64-linux-gnu/libreadline.so.8.1)
==2450934==    by 0x48891BF: rl_set_prompt (in /usr/lib/x86_64-linux-gnu/libreadline.so.8.1)
==2450934==    by 0x4894CCF: readline (in /usr/lib/x86_64-linux-gnu/libreadline.so.8.1)
==2450934==    by 0x40677B: read_input_line (readline.c:99)
==2450934==    by 0x4015A9: main (minishell.c:94)
==2450934== 
==2450934== 8 bytes in 1 blocks are still reachable in loss record 2 of 67
==2450934==    at 0x4848899: malloc (in /usr/libexec/valgrind/vgpreload_memcheck-amd64-linux.so)
==2450934==    by 0x496F58E: strdup (strdup.c:42)
==2450934==    by 0x4B0DD17: _nc_trim_sgr0 (in /usr/lib/x86_64-linux-gnu/libtinfo.so.6.3)
==2450934==    by 0x4B0C6A8: tgetent_sp (in /usr/lib/x86_64-linux-gnu/libtinfo.so.6.3)
==2450934==    by 0x48A81CD: _rl_init_terminal_io (in /usr/lib/x86_64-linux-gnu/libreadline.so.8.1)
==2450934==    by 0x4894A0F: rl_initialize (in /usr/lib/x86_64-linux-gnu/libreadline.so.8.1)
==2450934==    by 0x4894CD4: readline (in /usr/lib/x86_64-linux-gnu/libreadline.so.8.1)
==2450934==    by 0x40677B: read_input_line (readline.c:99)
==2450934==    by 0x4015A9: main (minishell.c:94)
==2450934== 
==2450934== 8 bytes in 1 blocks are still reachable in loss record 3 of 67
==2450934==    at 0x4848899: malloc (in /usr/libexec/valgrind/vgpreload_memcheck-amd64-linux.so)
==2450934==    by 0x48ACBAC: xmalloc (in /usr/lib/x86_64-linux-gnu/libreadline.so.8.1)
==2450934==    by 0x488A694: readline_internal_teardown (in /usr/lib/x86_64-linux-gnu/libreadline.so.8.1)
==2450934==    by 0x4894D2A: readline (in /usr/lib/x86_64-linux-gnu/libreadline.so.8.1)
==2450934==    by 0x40677B: read_input_line (readline.c:99)
==2450934==    by 0x4015A9: main (minishell.c:94)
==2450934== 
==2450934== 8 bytes in 1 blocks are still reachable in loss record 4 of 67
==2450934==    at 0x4848899: malloc (in /usr/libexec/valgrind/vgpreload_memcheck-amd64-linux.so)
==2450934==    by 0x48ACBAC: xmalloc (in /usr/lib/x86_64-linux-gnu/libreadline.so.8.1)
==2450934==    by 0x48A3B39: alloc_history_entry (in /usr/lib/x86_64-linux-gnu/libreadline.so.8.1)
==2450934==    by 0x48A5F65: add_history (in /usr/lib/x86_64-linux-gnu/libreadline.so.8.1)
==2450934==    by 0x4067F5: read_input_line (readline.c:104)
==2450934==    by 0x4015A9: main (minishell.c:94)
==2450934== 
==2450934== 12 bytes in 1 blocks are still reachable in loss record 5 of 67
==2450934==    at 0x4848899: malloc (in /usr/libexec/valgrind/vgpreload_memcheck-amd64-linux.so)
==2450934==    by 0x48ACBAC: xmalloc (in /usr/lib/x86_64-linux-gnu/libreadline.so.8.1)
==2450934==    by 0x48A5F28: add_history (in /usr/lib/x86_64-linux-gnu/libreadline.so.8.1)
==2450934==    by 0x4067F5: read_input_line (readline.c:104)
==2450934==    by 0x4015A9: main (minishell.c:94)
==2450934== 
==2450934== 13 bytes in 1 blocks are still reachable in loss record 6 of 67
==2450934==    at 0x4848899: malloc (in /usr/libexec/valgrind/vgpreload_memcheck-amd64-linux.so)
==2450934==    by 0x48ACBAC: xmalloc (in /usr/lib/x86_64-linux-gnu/libreadline.so.8.1)
==2450934==    by 0x489ABF5: ??? (in /usr/lib/x86_64-linux-gnu/libreadline.so.8.1)
==2450934==    by 0x4894A38: rl_initialize (in /usr/lib/x86_64-linux-gnu/libreadline.so.8.1)
==2450934==    by 0x4894CD4: readline (in /usr/lib/x86_64-linux-gnu/libreadline.so.8.1)
==2450934==    by 0x40677B: read_input_line (readline.c:99)
==2450934==    by 0x4015A9: main (minishell.c:94)
==2450934== 
==2450934== 14 bytes in 1 blocks are still reachable in loss record 7 of 67
==2450934==    at 0x484DCD3: realloc (in /usr/libexec/valgrind/vgpreload_memcheck-amd64-linux.so)
==2450934==    by 0x4B006CC: _nc_doalloc (in /usr/lib/x86_64-linux-gnu/libtinfo.so.6.3)
==2450934==    by 0x4B07272: _nc_tiparm (in /usr/lib/x86_64-linux-gnu/libtinfo.so.6.3)
==2450934==    by 0x4B0DC7D: ??? (in /usr/lib/x86_64-linux-gnu/libtinfo.so.6.3)
==2450934==    by 0x4B0DD09: _nc_trim_sgr0 (in /usr/lib/x86_64-linux-gnu/libtinfo.so.6.3)
==2450934==    by 0x4B0C6A8: tgetent_sp (in /usr/lib/x86_64-linux-gnu/libtinfo.so.6.3)
==2450934==    by 0x48A81CD: _rl_init_terminal_io (in /usr/lib/x86_64-linux-gnu/libreadline.so.8.1)
==2450934==    by 0x4894A0F: rl_initialize (in /usr/lib/x86_64-linux-gnu/libreadline.so.8.1)
==2450934==    by 0x4894CD4: readline (in /usr/lib/x86_64-linux-gnu/libreadline.so.8.1)
==2450934==    by 0x40677B: read_input_line (readline.c:99)
==2450934==    by 0x4015A9: main (minishell.c:94)
==2450934== 
==2450934== 15 bytes in 1 blocks are still reachable in loss record 8 of 67
==2450934==    at 0x4848899: malloc (in /usr/libexec/valgrind/vgpreload_memcheck-amd64-linux.so)
==2450934==    by 0x496F58E: strdup (strdup.c:42)
==2450934==    by 0x4AFF377: ??? (in /usr/lib/x86_64-linux-gnu/libtinfo.so.6.3)
==2450934==    by 0x4B01BF8: _nc_first_db (in /usr/lib/x86_64-linux-gnu/libtinfo.so.6.3)
==2450934==    by 0x4B0B696: _nc_read_entry2 (in /usr/lib/x86_64-linux-gnu/libtinfo.so.6.3)
==2450934==    by 0x4B0B711: ??? (in /usr/lib/x86_64-linux-gnu/libtinfo.so.6.3)
==2450934==    by 0x4B0B866: _nc_setupterm (in /usr/lib/x86_64-linux-gnu/libtinfo.so.6.3)
==2450934==    by 0x4B0C4C9: tgetent_sp (in /usr/lib/x86_64-linux-gnu/libtinfo.so.6.3)
==2450934==    by 0x48A81CD: _rl_init_terminal_io (in /usr/lib/x86_64-linux-gnu/libreadline.so.8.1)
==2450934==    by 0x4894A0F: rl_initialize (in /usr/lib/x86_64-linux-gnu/libreadline.so.8.1)
==2450934==    by 0x4894CD4: readline (in /usr/lib/x86_64-linux-gnu/libreadline.so.8.1)
==2450934==    by 0x40677B: read_input_line (readline.c:99)
==2450934== 
==2450934== 15 bytes in 1 blocks are still reachable in loss record 9 of 67
==2450934==    at 0x4848899: malloc (in /usr/libexec/valgrind/vgpreload_memcheck-amd64-linux.so)
==2450934==    by 0x496F58E: strdup (strdup.c:42)
==2450934==    by 0x4B0B8AE: _nc_setupterm (in /usr/lib/x86_64-linux-gnu/libtinfo.so.6.3)
==2450934==    by 0x4B0C4C9: tgetent_sp (in /usr/lib/x86_64-linux-gnu/libtinfo.so.6.3)
==2450934==    by 0x48A81CD: _rl_init_terminal_io (in /usr/lib/x86_64-linux-gnu/libreadline.so.8.1)
==2450934==    by 0x4894A0F: rl_initialize (in /usr/lib/x86_64-linux-gnu/libreadline.so.8.1)
==2450934==    by 0x4894CD4: readline (in /usr/lib/x86_64-linux-gnu/libreadline.so.8.1)
==2450934==    by 0x40677B: read_input_line (readline.c:99)
==2450934==    by 0x4015A9: main (minishell.c:94)
==2450934== 
==2450934== 16 bytes in 1 blocks are still reachable in loss record 10 of 67
==2450934==    at 0x4848899: malloc (in /usr/libexec/valgrind/vgpreload_memcheck-amd64-linux.so)
==2450934==    by 0x4894B26: rl_initialize (in /usr/lib/x86_64-linux-gnu/libreadline.so.8.1)
==2450934==    by 0x4894CD4: readline (in /usr/lib/x86_64-linux-gnu/libreadline.so.8.1)
==2450934==    by 0x40677B: read_input_line (readline.c:99)
==2450934==    by 0x4015A9: main (minishell.c:94)
==2450934== 
==2450934== 20 bytes in 1 blocks are still reachable in loss record 11 of 67
==2450934==    at 0x4848899: malloc (in /usr/libexec/valgrind/vgpreload_memcheck-amd64-linux.so)
==2450934==    by 0x48ACBAC: xmalloc (in /usr/lib/x86_64-linux-gnu/libreadline.so.8.1)
==2450934==    by 0x4897D8B: ??? (in /usr/lib/x86_64-linux-gnu/libreadline.so.8.1)
==2450934==    by 0x489A6C9: rl_parse_and_bind (in /usr/lib/x86_64-linux-gnu/libreadline.so.8.1)
==2450934==    by 0x489AB6C: ??? (in /usr/lib/x86_64-linux-gnu/libreadline.so.8.1)
==2450934==    by 0x4894A38: rl_initialize (in /usr/lib/x86_64-linux-gnu/libreadline.so.8.1)
==2450934==    by 0x4894CD4: readline (in /usr/lib/x86_64-linux-gnu/libreadline.so.8.1)
==2450934==    by 0x40677B: read_input_line (readline.c:99)
==2450934==    by 0x4015A9: main (minishell.c:94)
==2450934== 
==2450934== 24 bytes in 1 blocks are still reachable in loss record 12 of 67
==2450934==    at 0x4848899: malloc (in /usr/libexec/valgrind/vgpreload_memcheck-amd64-linux.so)
==2450934==    by 0x49E6FA4: tsearch (tsearch.c:337)
==2450934==    by 0x4B03D6E: ??? (in /usr/lib/x86_64-linux-gnu/libtinfo.so.6.3)
==2450934==    by 0x4B07098: _nc_tiparm (in /usr/lib/x86_64-linux-gnu/libtinfo.so.6.3)
==2450934==    by 0x4B0DC7D: ??? (in /usr/lib/x86_64-linux-gnu/libtinfo.so.6.3)
==2450934==    by 0x4B0DD09: _nc_trim_sgr0 (in /usr/lib/x86_64-linux-gnu/libtinfo.so.6.3)
==2450934==    by 0x4B0C6A8: tgetent_sp (in /usr/lib/x86_64-linux-gnu/libtinfo.so.6.3)
==2450934==    by 0x48A81CD: _rl_init_terminal_io (in /usr/lib/x86_64-linux-gnu/libreadline.so.8.1)
==2450934==    by 0x4894A0F: rl_initialize (in /usr/lib/x86_64-linux-gnu/libreadline.so.8.1)
==2450934==    by 0x4894CD4: readline (in /usr/lib/x86_64-linux-gnu/libreadline.so.8.1)
==2450934==    by 0x40677B: read_input_line (readline.c:99)
==2450934==    by 0x4015A9: main (minishell.c:94)
==2450934== 
==2450934== 24 bytes in 1 blocks are still reachable in loss record 13 of 67
==2450934==    at 0x4848899: malloc (in /usr/libexec/valgrind/vgpreload_memcheck-amd64-linux.so)
==2450934==    by 0x48ACBAC: xmalloc (in /usr/lib/x86_64-linux-gnu/libreadline.so.8.1)
==2450934==    by 0x48A3B1D: alloc_history_entry (in /usr/lib/x86_64-linux-gnu/libreadline.so.8.1)
==2450934==    by 0x48A5F65: add_history (in /usr/lib/x86_64-linux-gnu/libreadline.so.8.1)
==2450934==    by 0x4067F5: read_input_line (readline.c:104)
==2450934==    by 0x4015A9: main (minishell.c:94)
==2450934== 
==2450934== 27 bytes in 1 blocks are still reachable in loss record 14 of 67
==2450934==    at 0x4848899: malloc (in /usr/libexec/valgrind/vgpreload_memcheck-amd64-linux.so)
==2450934==    by 0x48ACBAC: xmalloc (in /usr/lib/x86_64-linux-gnu/libreadline.so.8.1)
==2450934==    by 0x48891E3: rl_set_prompt (in /usr/lib/x86_64-linux-gnu/libreadline.so.8.1)
==2450934==    by 0x4894CCF: readline (in /usr/lib/x86_64-linux-gnu/libreadline.so.8.1)
==2450934==    by 0x40677B: read_input_line (readline.c:99)
==2450934==    by 0x4015A9: main (minishell.c:94)
==2450934== 
==2450934== 27 bytes in 1 blocks are still reachable in loss record 15 of 67
==2450934==    at 0x4848899: malloc (in /usr/libexec/valgrind/vgpreload_memcheck-amd64-linux.so)
==2450934==    by 0x48ACBAC: xmalloc (in /usr/lib/x86_64-linux-gnu/libreadline.so.8.1)
==2450934==    by 0x48995F2: ??? (in /usr/lib/x86_64-linux-gnu/libreadline.so.8.1)
==2450934==    by 0x4899E0D: rl_expand_prompt (in /usr/lib/x86_64-linux-gnu/libreadline.so.8.1)
==2450934==    by 0x48891BF: rl_set_prompt (in /usr/lib/x86_64-linux-gnu/libreadline.so.8.1)
==2450934==    by 0x4894CCF: readline (in /usr/lib/x86_64-linux-gnu/libreadline.so.8.1)
==2450934==    by 0x40677B: read_input_line (readline.c:99)
==2450934==    by 0x4015A9: main (minishell.c:94)
==2450934== 
==2450934== 27 bytes in 1 blocks are still reachable in loss record 16 of 67
==2450934==    at 0x4848899: malloc (in /usr/libexec/valgrind/vgpreload_memcheck-amd64-linux.so)
==2450934==    by 0x4B01624: _nc_home_terminfo (in /usr/lib/x86_64-linux-gnu/libtinfo.so.6.3)
==2450934==    by 0x4B01BE2: _nc_first_db (in /usr/lib/x86_64-linux-gnu/libtinfo.so.6.3)
==2450934==    by 0x4B0B696: _nc_read_entry2 (in /usr/lib/x86_64-linux-gnu/libtinfo.so.6.3)
==2450934==    by 0x4B0B711: ??? (in /usr/lib/x86_64-linux-gnu/libtinfo.so.6.3)
==2450934==    by 0x4B0B866: _nc_setupterm (in /usr/lib/x86_64-linux-gnu/libtinfo.so.6.3)
==2450934==    by 0x4B0C4C9: tgetent_sp (in /usr/lib/x86_64-linux-gnu/libtinfo.so.6.3)
==2450934==    by 0x48A81CD: _rl_init_terminal_io (in /usr/lib/x86_64-linux-gnu/libreadline.so.8.1)
==2450934==    by 0x4894A0F: rl_initialize (in /usr/lib/x86_64-linux-gnu/libreadline.so.8.1)
==2450934==    by 0x4894CD4: readline (in /usr/lib/x86_64-linux-gnu/libreadline.so.8.1)
==2450934==    by 0x40677B: read_input_line (readline.c:99)
==2450934==    by 0x4015A9: main (minishell.c:94)
==2450934== 
==2450934== 46 bytes in 1 blocks are still reachable in loss record 17 of 67
==2450934==    at 0x484DCD3: realloc (in /usr/libexec/valgrind/vgpreload_memcheck-amd64-linux.so)
==2450934==    by 0x4B006CC: _nc_doalloc (in /usr/lib/x86_64-linux-gnu/libtinfo.so.6.3)
==2450934==    by 0x4B0B16F: _nc_read_termtype (in /usr/lib/x86_64-linux-gnu/libtinfo.so.6.3)
==2450934==    by 0x4B0B52A: ??? (in /usr/lib/x86_64-linux-gnu/libtinfo.so.6.3)
==2450934==    by 0x4B0DC40: ??? (in /usr/lib/x86_64-linux-gnu/libtinfo.so.6.3)
==2450934==    by 0x4B0B6BB: _nc_read_entry2 (in /usr/lib/x86_64-linux-gnu/libtinfo.so.6.3)
==2450934==    by 0x4B0B711: ??? (in /usr/lib/x86_64-linux-gnu/libtinfo.so.6.3)
==2450934==    by 0x4B0B866: _nc_setupterm (in /usr/lib/x86_64-linux-gnu/libtinfo.so.6.3)
==2450934==    by 0x4B0C4C9: tgetent_sp (in /usr/lib/x86_64-linux-gnu/libtinfo.so.6.3)
==2450934==    by 0x48A81CD: _rl_init_terminal_io (in /usr/lib/x86_64-linux-gnu/libreadline.so.8.1)
==2450934==    by 0x4894A0F: rl_initialize (in /usr/lib/x86_64-linux-gnu/libreadline.so.8.1)
==2450934==    by 0x4894CD4: readline (in /usr/lib/x86_64-linux-gnu/libreadline.so.8.1)
==2450934== 
==2450934== 46 bytes in 1 blocks are still reachable in loss record 18 of 67
==2450934==    at 0x4848899: malloc (in /usr/libexec/valgrind/vgpreload_memcheck-amd64-linux.so)
==2450934==    by 0x4AFFFDE: ??? (in /usr/lib/x86_64-linux-gnu/libtinfo.so.6.3)
==2450934==    by 0x4B0B87D: _nc_setupterm (in /usr/lib/x86_64-linux-gnu/libtinfo.so.6.3)
==2450934==    by 0x4B0C4C9: tgetent_sp (in /usr/lib/x86_64-linux-gnu/libtinfo.so.6.3)
==2450934==    by 0x48A81CD: _rl_init_terminal_io (in /usr/lib/x86_64-linux-gnu/libreadline.so.8.1)
==2450934==    by 0x4894A0F: rl_initialize (in /usr/lib/x86_64-linux-gnu/libreadline.so.8.1)
==2450934==    by 0x4894CD4: readline (in /usr/lib/x86_64-linux-gnu/libreadline.so.8.1)
==2450934==    by 0x40677B: read_input_line (readline.c:99)
==2450934==    by 0x4015A9: main (minishell.c:94)
==2450934== 
==2450934== 48 bytes in 1 blocks are still reachable in loss record 19 of 67
==2450934==    at 0x484DA83: calloc (in /usr/libexec/valgrind/vgpreload_memcheck-amd64-linux.so)
==2450934==    by 0x4B01833: _nc_first_db (in /usr/lib/x86_64-linux-gnu/libtinfo.so.6.3)
==2450934==    by 0x4B0B696: _nc_read_entry2 (in /usr/lib/x86_64-linux-gnu/libtinfo.so.6.3)
==2450934==    by 0x4B0B711: ??? (in /usr/lib/x86_64-linux-gnu/libtinfo.so.6.3)
==2450934==    by 0x4B0B866: _nc_setupterm (in /usr/lib/x86_64-linux-gnu/libtinfo.so.6.3)
==2450934==    by 0x4B0C4C9: tgetent_sp (in /usr/lib/x86_64-linux-gnu/libtinfo.so.6.3)
==2450934==    by 0x48A81CD: _rl_init_terminal_io (in /usr/lib/x86_64-linux-gnu/libreadline.so.8.1)
==2450934==    by 0x4894A0F: rl_initialize (in /usr/lib/x86_64-linux-gnu/libreadline.so.8.1)
==2450934==    by 0x4894CD4: readline (in /usr/lib/x86_64-linux-gnu/libreadline.so.8.1)
==2450934==    by 0x40677B: read_input_line (readline.c:99)
==2450934==    by 0x4015A9: main (minishell.c:94)
==2450934== 
==2450934== 78 bytes in 1 blocks are still reachable in loss record 20 of 67
==2450934==    at 0x4848899: malloc (in /usr/libexec/valgrind/vgpreload_memcheck-amd64-linux.so)
==2450934==    by 0x4B0004B: ??? (in /usr/lib/x86_64-linux-gnu/libtinfo.so.6.3)
==2450934==    by 0x4B0B87D: _nc_setupterm (in /usr/lib/x86_64-linux-gnu/libtinfo.so.6.3)
==2450934==    by 0x4B0C4C9: tgetent_sp (in /usr/lib/x86_64-linux-gnu/libtinfo.so.6.3)
==2450934==    by 0x48A81CD: _rl_init_terminal_io (in /usr/lib/x86_64-linux-gnu/libreadline.so.8.1)
==2450934==    by 0x4894A0F: rl_initialize (in /usr/lib/x86_64-linux-gnu/libreadline.so.8.1)
==2450934==    by 0x4894CD4: readline (in /usr/lib/x86_64-linux-gnu/libreadline.so.8.1)
==2450934==    by 0x40677B: read_input_line (readline.c:99)
==2450934==    by 0x4015A9: main (minishell.c:94)
==2450934== 
==2450934== 93 bytes in 1 blocks are still reachable in loss record 21 of 67
==2450934==    at 0x4848899: malloc (in /usr/libexec/valgrind/vgpreload_memcheck-amd64-linux.so)
==2450934==    by 0x496F58E: strdup (strdup.c:42)
==2450934==    by 0x4B03D54: ??? (in /usr/lib/x86_64-linux-gnu/libtinfo.so.6.3)
==2450934==    by 0x4B07098: _nc_tiparm (in /usr/lib/x86_64-linux-gnu/libtinfo.so.6.3)
==2450934==    by 0x4B0DC7D: ??? (in /usr/lib/x86_64-linux-gnu/libtinfo.so.6.3)
==2450934==    by 0x4B0DD09: _nc_trim_sgr0 (in /usr/lib/x86_64-linux-gnu/libtinfo.so.6.3)
==2450934==    by 0x4B0C6A8: tgetent_sp (in /usr/lib/x86_64-linux-gnu/libtinfo.so.6.3)
==2450934==    by 0x48A81CD: _rl_init_terminal_io (in /usr/lib/x86_64-linux-gnu/libreadline.so.8.1)
==2450934==    by 0x4894A0F: rl_initialize (in /usr/lib/x86_64-linux-gnu/libreadline.so.8.1)
==2450934==    by 0x4894CD4: readline (in /usr/lib/x86_64-linux-gnu/libreadline.so.8.1)
==2450934==    by 0x40677B: read_input_line (readline.c:99)
==2450934==    by 0x4015A9: main (minishell.c:94)
==2450934== 
==2450934== 94 bytes in 1 blocks are still reachable in loss record 22 of 67
==2450934==    at 0x4848899: malloc (in /usr/libexec/valgrind/vgpreload_memcheck-amd64-linux.so)
==2450934==    by 0x4B0395B: _nc_tparm_analyze (in /usr/lib/x86_64-linux-gnu/libtinfo.so.6.3)
==2450934==    by 0x4B03C62: ??? (in /usr/lib/x86_64-linux-gnu/libtinfo.so.6.3)
==2450934==    by 0x4B07098: _nc_tiparm (in /usr/lib/x86_64-linux-gnu/libtinfo.so.6.3)
==2450934==    by 0x4B0DC7D: ??? (in /usr/lib/x86_64-linux-gnu/libtinfo.so.6.3)
==2450934==    by 0x4B0DD09: _nc_trim_sgr0 (in /usr/lib/x86_64-linux-gnu/libtinfo.so.6.3)
==2450934==    by 0x4B0C6A8: tgetent_sp (in /usr/lib/x86_64-linux-gnu/libtinfo.so.6.3)
==2450934==    by 0x48A81CD: _rl_init_terminal_io (in /usr/lib/x86_64-linux-gnu/libreadline.so.8.1)
==2450934==    by 0x4894A0F: rl_initialize (in /usr/lib/x86_64-linux-gnu/libreadline.so.8.1)
==2450934==    by 0x4894CD4: readline (in /usr/lib/x86_64-linux-gnu/libreadline.so.8.1)
==2450934==    by 0x40677B: read_input_line (readline.c:99)
==2450934==    by 0x4015A9: main (minishell.c:94)
==2450934== 
==2450934== 96 bytes in 1 blocks are still reachable in loss record 23 of 67
==2450934==    at 0x4848899: malloc (in /usr/libexec/valgrind/vgpreload_memcheck-amd64-linux.so)
==2450934==    by 0x4B0179A: _nc_first_db (in /usr/lib/x86_64-linux-gnu/libtinfo.so.6.3)
==2450934==    by 0x4B0B696: _nc_read_entry2 (in /usr/lib/x86_64-linux-gnu/libtinfo.so.6.3)
==2450934==    by 0x4B0B711: ??? (in /usr/lib/x86_64-linux-gnu/libtinfo.so.6.3)
==2450934==    by 0x4B0B866: _nc_setupterm (in /usr/lib/x86_64-linux-gnu/libtinfo.so.6.3)
==2450934==    by 0x4B0C4C9: tgetent_sp (in /usr/lib/x86_64-linux-gnu/libtinfo.so.6.3)
==2450934==    by 0x48A81CD: _rl_init_terminal_io (in /usr/lib/x86_64-linux-gnu/libreadline.so.8.1)
==2450934==    by 0x4894A0F: rl_initialize (in /usr/lib/x86_64-linux-gnu/libreadline.so.8.1)
==2450934==    by 0x4894CD4: readline (in /usr/lib/x86_64-linux-gnu/libreadline.so.8.1)
==2450934==    by 0x40677B: read_input_line (readline.c:99)
==2450934==    by 0x4015A9: main (minishell.c:94)
==2450934== 
==2450934== 156 bytes in 1 blocks are still reachable in loss record 24 of 67
==2450934==    at 0x484DCD3: realloc (in /usr/libexec/valgrind/vgpreload_memcheck-amd64-linux.so)
==2450934==    by 0x4B006CC: _nc_doalloc (in /usr/lib/x86_64-linux-gnu/libtinfo.so.6.3)
==2450934==    by 0x4B0B197: _nc_read_termtype (in /usr/lib/x86_64-linux-gnu/libtinfo.so.6.3)
==2450934==    by 0x4B0B52A: ??? (in /usr/lib/x86_64-linux-gnu/libtinfo.so.6.3)
==2450934==    by 0x4B0DC40: ??? (in /usr/lib/x86_64-linux-gnu/libtinfo.so.6.3)
==2450934==    by 0x4B0B6BB: _nc_read_entry2 (in /usr/lib/x86_64-linux-gnu/libtinfo.so.6.3)
==2450934==    by 0x4B0B711: ??? (in /usr/lib/x86_64-linux-gnu/libtinfo.so.6.3)
==2450934==    by 0x4B0B866: _nc_setupterm (in /usr/lib/x86_64-linux-gnu/libtinfo.so.6.3)
==2450934==    by 0x4B0C4C9: tgetent_sp (in /usr/lib/x86_64-linux-gnu/libtinfo.so.6.3)
==2450934==    by 0x48A81CD: _rl_init_terminal_io (in /usr/lib/x86_64-linux-gnu/libreadline.so.8.1)
==2450934==    by 0x4894A0F: rl_initialize (in /usr/lib/x86_64-linux-gnu/libreadline.so.8.1)
==2450934==    by 0x4894CD4: readline (in /usr/lib/x86_64-linux-gnu/libreadline.so.8.1)
==2450934== 
==2450934== 168 bytes in 1 blocks are still reachable in loss record 25 of 67
==2450934==    at 0x484DA83: calloc (in /usr/libexec/valgrind/vgpreload_memcheck-amd64-linux.so)
==2450934==    by 0x4B03CCD: ??? (in /usr/lib/x86_64-linux-gnu/libtinfo.so.6.3)
==2450934==    by 0x4B07098: _nc_tiparm (in /usr/lib/x86_64-linux-gnu/libtinfo.so.6.3)
==2450934==    by 0x4B0DC7D: ??? (in /usr/lib/x86_64-linux-gnu/libtinfo.so.6.3)
==2450934==    by 0x4B0DD09: _nc_trim_sgr0 (in /usr/lib/x86_64-linux-gnu/libtinfo.so.6.3)
==2450934==    by 0x4B0C6A8: tgetent_sp (in /usr/lib/x86_64-linux-gnu/libtinfo.so.6.3)
==2450934==    by 0x48A81CD: _rl_init_terminal_io (in /usr/lib/x86_64-linux-gnu/libreadline.so.8.1)
==2450934==    by 0x4894A0F: rl_initialize (in /usr/lib/x86_64-linux-gnu/libreadline.so.8.1)
==2450934==    by 0x4894CD4: readline (in /usr/lib/x86_64-linux-gnu/libreadline.so.8.1)
==2450934==    by 0x40677B: read_input_line (readline.c:99)
==2450934==    by 0x4015A9: main (minishell.c:94)
==2450934== 
==2450934== 256 bytes in 1 blocks are still reachable in loss record 26 of 67
==2450934==    at 0x4848899: malloc (in /usr/libexec/valgrind/vgpreload_memcheck-amd64-linux.so)
==2450934==    by 0x48ACBAC: xmalloc (in /usr/lib/x86_64-linux-gnu/libreadline.so.8.1)
==2450934==    by 0x4894C86: rl_initialize (in /usr/lib/x86_64-linux-gnu/libreadline.so.8.1)
==2450934==    by 0x4894CD4: readline (in /usr/lib/x86_64-linux-gnu/libreadline.so.8.1)
==2450934==    by 0x40677B: read_input_line (readline.c:99)
==2450934==    by 0x4015A9: main (minishell.c:94)
==2450934== 
==2450934== 608 bytes in 1 blocks are still reachable in loss record 27 of 67
==2450934==    at 0x484DA83: calloc (in /usr/libexec/valgrind/vgpreload_memcheck-amd64-linux.so)
==2450934==    by 0x4B0B37E: _nc_read_termtype (in /usr/lib/x86_64-linux-gnu/libtinfo.so.6.3)
==2450934==    by 0x4B0B52A: ??? (in /usr/lib/x86_64-linux-gnu/libtinfo.so.6.3)
==2450934==    by 0x4B0DC40: ??? (in /usr/lib/x86_64-linux-gnu/libtinfo.so.6.3)
==2450934==    by 0x4B0B6BB: _nc_read_entry2 (in /usr/lib/x86_64-linux-gnu/libtinfo.so.6.3)
==2450934==    by 0x4B0B711: ??? (in /usr/lib/x86_64-linux-gnu/libtinfo.so.6.3)
==2450934==    by 0x4B0B866: _nc_setupterm (in /usr/lib/x86_64-linux-gnu/libtinfo.so.6.3)
==2450934==    by 0x4B0C4C9: tgetent_sp (in /usr/lib/x86_64-linux-gnu/libtinfo.so.6.3)
==2450934==    by 0x48A81CD: _rl_init_terminal_io (in /usr/lib/x86_64-linux-gnu/libreadline.so.8.1)
==2450934==    by 0x4894A0F: rl_initialize (in /usr/lib/x86_64-linux-gnu/libreadline.so.8.1)
==2450934==    by 0x4894CD4: readline (in /usr/lib/x86_64-linux-gnu/libreadline.so.8.1)
==2450934==    by 0x40677B: read_input_line (readline.c:99)
==2450934== 
==2450934== 608 bytes in 1 blocks are still reachable in loss record 28 of 67
==2450934==    at 0x4848899: malloc (in /usr/libexec/valgrind/vgpreload_memcheck-amd64-linux.so)
==2450934==    by 0x4B00119: ??? (in /usr/lib/x86_64-linux-gnu/libtinfo.so.6.3)
==2450934==    by 0x4B0B87D: _nc_setupterm (in /usr/lib/x86_64-linux-gnu/libtinfo.so.6.3)
==2450934==    by 0x4B0C4C9: tgetent_sp (in /usr/lib/x86_64-linux-gnu/libtinfo.so.6.3)
==2450934==    by 0x48A81CD: _rl_init_terminal_io (in /usr/lib/x86_64-linux-gnu/libreadline.so.8.1)
==2450934==    by 0x4894A0F: rl_initialize (in /usr/lib/x86_64-linux-gnu/libreadline.so.8.1)
==2450934==    by 0x4894CD4: readline (in /usr/lib/x86_64-linux-gnu/libreadline.so.8.1)
==2450934==    by 0x40677B: read_input_line (readline.c:99)
==2450934==    by 0x4015A9: main (minishell.c:94)
==2450934== 
==2450934== 760 bytes in 1 blocks are still reachable in loss record 29 of 67
==2450934==    at 0x484DA83: calloc (in /usr/libexec/valgrind/vgpreload_memcheck-amd64-linux.so)
==2450934==    by 0x4B0B819: _nc_setupterm (in /usr/lib/x86_64-linux-gnu/libtinfo.so.6.3)
==2450934==    by 0x4B0C4C9: tgetent_sp (in /usr/lib/x86_64-linux-gnu/libtinfo.so.6.3)
==2450934==    by 0x48A81CD: _rl_init_terminal_io (in /usr/lib/x86_64-linux-gnu/libreadline.so.8.1)
==2450934==    by 0x4894A0F: rl_initialize (in /usr/lib/x86_64-linux-gnu/libreadline.so.8.1)
==2450934==    by 0x4894CD4: readline (in /usr/lib/x86_64-linux-gnu/libreadline.so.8.1)
==2450934==    by 0x40677B: read_input_line (readline.c:99)
==2450934==    by 0x4015A9: main (minishell.c:94)
==2450934== 
==2450934== 940 bytes in 1 blocks are still reachable in loss record 30 of 67
==2450934==    at 0x4848899: malloc (in /usr/libexec/valgrind/vgpreload_memcheck-amd64-linux.so)
==2450934==    by 0x4B0B287: _nc_read_termtype (in /usr/lib/x86_64-linux-gnu/libtinfo.so.6.3)
==2450934==    by 0x4B0B52A: ??? (in /usr/lib/x86_64-linux-gnu/libtinfo.so.6.3)
==2450934==    by 0x4B0DC40: ??? (in /usr/lib/x86_64-linux-gnu/libtinfo.so.6.3)
==2450934==    by 0x4B0B6BB: _nc_read_entry2 (in /usr/lib/x86_64-linux-gnu/libtinfo.so.6.3)
==2450934==    by 0x4B0B711: ??? (in /usr/lib/x86_64-linux-gnu/libtinfo.so.6.3)
==2450934==    by 0x4B0B866: _nc_setupterm (in /usr/lib/x86_64-linux-gnu/libtinfo.so.6.3)
==2450934==    by 0x4B0C4C9: tgetent_sp (in /usr/lib/x86_64-linux-gnu/libtinfo.so.6.3)
==2450934==    by 0x48A81CD: _rl_init_terminal_io (in /usr/lib/x86_64-linux-gnu/libreadline.so.8.1)
==2450934==    by 0x4894A0F: rl_initialize (in /usr/lib/x86_64-linux-gnu/libreadline.so.8.1)
==2450934==    by 0x4894CD4: readline (in /usr/lib/x86_64-linux-gnu/libreadline.so.8.1)
==2450934==    by 0x40677B: read_input_line (readline.c:99)
==2450934== 
==2450934== 1,024 bytes in 1 blocks are still reachable in loss record 31 of 67
==2450934==    at 0x4848899: malloc (in /usr/libexec/valgrind/vgpreload_memcheck-amd64-linux.so)
==2450934==    by 0x48AD4A7: xrealloc (in /usr/lib/x86_64-linux-gnu/libreadline.so.8.1)
==2450934==    by 0x4896C7B: ??? (in /usr/lib/x86_64-linux-gnu/libreadline.so.8.1)
==2450934==    by 0x4896D67: ??? (in /usr/lib/x86_64-linux-gnu/libreadline.so.8.1)
==2450934==    by 0x489FC7E: rl_redisplay (in /usr/lib/x86_64-linux-gnu/libreadline.so.8.1)
==2450934==    by 0x488A458: readline_internal_setup (in /usr/lib/x86_64-linux-gnu/libreadline.so.8.1)
==2450934==    by 0x4894CF8: readline (in /usr/lib/x86_64-linux-gnu/libreadline.so.8.1)
==2450934==    by 0x40677B: read_input_line (readline.c:99)
==2450934==    by 0x4015A9: main (minishell.c:94)
==2450934== 
==2450934== 1,024 bytes in 1 blocks are still reachable in loss record 32 of 67
==2450934==    at 0x4848899: malloc (in /usr/libexec/valgrind/vgpreload_memcheck-amd64-linux.so)
==2450934==    by 0x48AD4A7: xrealloc (in /usr/lib/x86_64-linux-gnu/libreadline.so.8.1)
==2450934==    by 0x4896C8B: ??? (in /usr/lib/x86_64-linux-gnu/libreadline.so.8.1)
==2450934==    by 0x4896D67: ??? (in /usr/lib/x86_64-linux-gnu/libreadline.so.8.1)
==2450934==    by 0x489FC7E: rl_redisplay (in /usr/lib/x86_64-linux-gnu/libreadline.so.8.1)
==2450934==    by 0x488A458: readline_internal_setup (in /usr/lib/x86_64-linux-gnu/libreadline.so.8.1)
==2450934==    by 0x4894CF8: readline (in /usr/lib/x86_64-linux-gnu/libreadline.so.8.1)
==2450934==    by 0x40677B: read_input_line (readline.c:99)
==2450934==    by 0x4015A9: main (minishell.c:94)
==2450934== 
==2450934== 1,024 bytes in 1 blocks are still reachable in loss record 33 of 67
==2450934==    at 0x4848899: malloc (in /usr/libexec/valgrind/vgpreload_memcheck-amd64-linux.so)
==2450934==    by 0x48AD4A7: xrealloc (in /usr/lib/x86_64-linux-gnu/libreadline.so.8.1)
==2450934==    by 0x4896CA2: ??? (in /usr/lib/x86_64-linux-gnu/libreadline.so.8.1)
==2450934==    by 0x4896D67: ??? (in /usr/lib/x86_64-linux-gnu/libreadline.so.8.1)
==2450934==    by 0x489FC7E: rl_redisplay (in /usr/lib/x86_64-linux-gnu/libreadline.so.8.1)
==2450934==    by 0x488A458: readline_internal_setup (in /usr/lib/x86_64-linux-gnu/libreadline.so.8.1)
==2450934==    by 0x4894CF8: readline (in /usr/lib/x86_64-linux-gnu/libreadline.so.8.1)
==2450934==    by 0x40677B: read_input_line (readline.c:99)
==2450934==    by 0x4015A9: main (minishell.c:94)
==2450934== 
==2450934== 1,024 bytes in 1 blocks are still reachable in loss record 34 of 67
==2450934==    at 0x4848899: malloc (in /usr/libexec/valgrind/vgpreload_memcheck-amd64-linux.so)
==2450934==    by 0x48AD4A7: xrealloc (in /usr/lib/x86_64-linux-gnu/libreadline.so.8.1)
==2450934==    by 0x4896CBB: ??? (in /usr/lib/x86_64-linux-gnu/libreadline.so.8.1)
==2450934==    by 0x4896D67: ??? (in /usr/lib/x86_64-linux-gnu/libreadline.so.8.1)
==2450934==    by 0x489FC7E: rl_redisplay (in /usr/lib/x86_64-linux-gnu/libreadline.so.8.1)
==2450934==    by 0x488A458: readline_internal_setup (in /usr/lib/x86_64-linux-gnu/libreadline.so.8.1)
==2450934==    by 0x4894CF8: readline (in /usr/lib/x86_64-linux-gnu/libreadline.so.8.1)
==2450934==    by 0x40677B: read_input_line (readline.c:99)
==2450934==    by 0x4015A9: main (minishell.c:94)
==2450934== 
==2450934== 1,024 bytes in 1 blocks are still reachable in loss record 35 of 67
==2450934==    at 0x4848899: malloc (in /usr/libexec/valgrind/vgpreload_memcheck-amd64-linux.so)
==2450934==    by 0x48ACBAC: xmalloc (in /usr/lib/x86_64-linux-gnu/libreadline.so.8.1)
==2450934==    by 0x4896DC5: ??? (in /usr/lib/x86_64-linux-gnu/libreadline.so.8.1)
==2450934==    by 0x489FC7E: rl_redisplay (in /usr/lib/x86_64-linux-gnu/libreadline.so.8.1)
==2450934==    by 0x488A458: readline_internal_setup (in /usr/lib/x86_64-linux-gnu/libreadline.so.8.1)
==2450934==    by 0x4894CF8: readline (in /usr/lib/x86_64-linux-gnu/libreadline.so.8.1)
==2450934==    by 0x40677B: read_input_line (readline.c:99)
==2450934==    by 0x4015A9: main (minishell.c:94)
==2450934== 
==2450934== 1,024 bytes in 1 blocks are still reachable in loss record 36 of 67
==2450934==    at 0x4848899: malloc (in /usr/libexec/valgrind/vgpreload_memcheck-amd64-linux.so)
==2450934==    by 0x48ACBAC: xmalloc (in /usr/lib/x86_64-linux-gnu/libreadline.so.8.1)
==2450934==    by 0x4896DDA: ??? (in /usr/lib/x86_64-linux-gnu/libreadline.so.8.1)
==2450934==    by 0x489FC7E: rl_redisplay (in /usr/lib/x86_64-linux-gnu/libreadline.so.8.1)
==2450934==    by 0x488A458: readline_internal_setup (in /usr/lib/x86_64-linux-gnu/libreadline.so.8.1)
==2450934==    by 0x4894CF8: readline (in /usr/lib/x86_64-linux-gnu/libreadline.so.8.1)
==2450934==    by 0x40677B: read_input_line (readline.c:99)
==2450934==    by 0x4015A9: main (minishell.c:94)
==2450934== 
==2450934== 1,024 bytes in 1 blocks are still reachable in loss record 37 of 67
==2450934==    at 0x4848899: malloc (in /usr/libexec/valgrind/vgpreload_memcheck-amd64-linux.so)
==2450934==    by 0x48ACBAC: xmalloc (in /usr/lib/x86_64-linux-gnu/libreadline.so.8.1)
==2450934==    by 0x4896DE8: ??? (in /usr/lib/x86_64-linux-gnu/libreadline.so.8.1)
==2450934==    by 0x489FC7E: rl_redisplay (in /usr/lib/x86_64-linux-gnu/libreadline.so.8.1)
==2450934==    by 0x488A458: readline_internal_setup (in /usr/lib/x86_64-linux-gnu/libreadline.so.8.1)
==2450934==    by 0x4894CF8: readline (in /usr/lib/x86_64-linux-gnu/libreadline.so.8.1)
==2450934==    by 0x40677B: read_input_line (readline.c:99)
==2450934==    by 0x4015A9: main (minishell.c:94)
==2450934== 
==2450934== 1,024 bytes in 1 blocks are still reachable in loss record 38 of 67
==2450934==    at 0x4848899: malloc (in /usr/libexec/valgrind/vgpreload_memcheck-amd64-linux.so)
==2450934==    by 0x48ACBAC: xmalloc (in /usr/lib/x86_64-linux-gnu/libreadline.so.8.1)
==2450934==    by 0x4896DF6: ??? (in /usr/lib/x86_64-linux-gnu/libreadline.so.8.1)
==2450934==    by 0x489FC7E: rl_redisplay (in /usr/lib/x86_64-linux-gnu/libreadline.so.8.1)
==2450934==    by 0x488A458: readline_internal_setup (in /usr/lib/x86_64-linux-gnu/libreadline.so.8.1)
==2450934==    by 0x4894CF8: readline (in /usr/lib/x86_64-linux-gnu/libreadline.so.8.1)
==2450934==    by 0x40677B: read_input_line (readline.c:99)
==2450934==    by 0x4015A9: main (minishell.c:94)
==2450934== 
==2450934== 1,536 bytes in 1 blocks are still reachable in loss record 39 of 67
==2450934==    at 0x484DCD3: realloc (in /usr/libexec/valgrind/vgpreload_memcheck-amd64-linux.so)
==2450934==    by 0x48AD491: xrealloc (in /usr/lib/x86_64-linux-gnu/libreadline.so.8.1)
==2450934==    by 0x488A877: rl_add_funmap_entry (in /usr/lib/x86_64-linux-gnu/libreadline.so.8.1)
==2450934==    by 0x488A8C8: rl_initialize_funmap (in /usr/lib/x86_64-linux-gnu/libreadline.so.8.1)
==2450934==    by 0x4894A2C: rl_initialize (in /usr/lib/x86_64-linux-gnu/libreadline.so.8.1)
==2450934==    by 0x4894CD4: readline (in /usr/lib/x86_64-linux-gnu/libreadline.so.8.1)
==2450934==    by 0x40677B: read_input_line (readline.c:99)
==2450934==    by 0x4015A9: main (minishell.c:94)
==2450934== 
==2450934== 1,664 bytes in 1 blocks are still reachable in loss record 40 of 67
==2450934==    at 0x4848899: malloc (in /usr/libexec/valgrind/vgpreload_memcheck-amd64-linux.so)
==2450934==    by 0x4B0AACD: _nc_read_termtype (in /usr/lib/x86_64-linux-gnu/libtinfo.so.6.3)
==2450934==    by 0x4B0B52A: ??? (in /usr/lib/x86_64-linux-gnu/libtinfo.so.6.3)
==2450934==    by 0x4B0DC40: ??? (in /usr/lib/x86_64-linux-gnu/libtinfo.so.6.3)
==2450934==    by 0x4B0B6BB: _nc_read_entry2 (in /usr/lib/x86_64-linux-gnu/libtinfo.so.6.3)
==2450934==    by 0x4B0B711: ??? (in /usr/lib/x86_64-linux-gnu/libtinfo.so.6.3)
==2450934==    by 0x4B0B866: _nc_setupterm (in /usr/lib/x86_64-linux-gnu/libtinfo.so.6.3)
==2450934==    by 0x4B0C4C9: tgetent_sp (in /usr/lib/x86_64-linux-gnu/libtinfo.so.6.3)
==2450934==    by 0x48A81CD: _rl_init_terminal_io (in /usr/lib/x86_64-linux-gnu/libreadline.so.8.1)
==2450934==    by 0x4894A0F: rl_initialize (in /usr/lib/x86_64-linux-gnu/libreadline.so.8.1)
==2450934==    by 0x4894CD4: readline (in /usr/lib/x86_64-linux-gnu/libreadline.so.8.1)
==2450934==    by 0x40677B: read_input_line (readline.c:99)
==2450934== 
==2450934== 2,032 bytes in 1 blocks are still reachable in loss record 41 of 67
==2450934==    at 0x4848899: malloc (in /usr/libexec/valgrind/vgpreload_memcheck-amd64-linux.so)
==2450934==    by 0x48ACBAC: xmalloc (in /usr/lib/x86_64-linux-gnu/libreadline.so.8.1)
==2450934==    by 0x48A8419: _rl_init_terminal_io (in /usr/lib/x86_64-linux-gnu/libreadline.so.8.1)
==2450934==    by 0x4894A0F: rl_initialize (in /usr/lib/x86_64-linux-gnu/libreadline.so.8.1)
==2450934==    by 0x4894CD4: readline (in /usr/lib/x86_64-linux-gnu/libreadline.so.8.1)
==2450934==    by 0x40677B: read_input_line (readline.c:99)
==2450934==    by 0x4015A9: main (minishell.c:94)
==2450934== 
==2450934== 2,240 bytes in 140 blocks are still reachable in loss record 42 of 67
==2450934==    at 0x4848899: malloc (in /usr/libexec/valgrind/vgpreload_memcheck-amd64-linux.so)
==2450934==    by 0x48ACBAC: xmalloc (in /usr/lib/x86_64-linux-gnu/libreadline.so.8.1)
==2450934==    by 0x488A822: rl_add_funmap_entry (in /usr/lib/x86_64-linux-gnu/libreadline.so.8.1)
==2450934==    by 0x488A8C8: rl_initialize_funmap (in /usr/lib/x86_64-linux-gnu/libreadline.so.8.1)
==2450934==    by 0x4894A2C: rl_initialize (in /usr/lib/x86_64-linux-gnu/libreadline.so.8.1)
==2450934==    by 0x4894CD4: readline (in /usr/lib/x86_64-linux-gnu/libreadline.so.8.1)
==2450934==    by 0x40677B: read_input_line (readline.c:99)
==2450934==    by 0x4015A9: main (minishell.c:94)
==2450934== 
==2450934== 3,904 bytes in 1 blocks are still reachable in loss record 43 of 67
==2450934==    at 0x484DCD3: realloc (in /usr/libexec/valgrind/vgpreload_memcheck-amd64-linux.so)
==2450934==    by 0x4B006CC: _nc_doalloc (in /usr/lib/x86_64-linux-gnu/libtinfo.so.6.3)
==2450934==    by 0x4B0B1B5: _nc_read_termtype (in /usr/lib/x86_64-linux-gnu/libtinfo.so.6.3)
==2450934==    by 0x4B0B52A: ??? (in /usr/lib/x86_64-linux-gnu/libtinfo.so.6.3)
==2450934==    by 0x4B0DC40: ??? (in /usr/lib/x86_64-linux-gnu/libtinfo.so.6.3)
==2450934==    by 0x4B0B6BB: _nc_read_entry2 (in /usr/lib/x86_64-linux-gnu/libtinfo.so.6.3)
==2450934==    by 0x4B0B711: ??? (in /usr/lib/x86_64-linux-gnu/libtinfo.so.6.3)
==2450934==    by 0x4B0B866: _nc_setupterm (in /usr/lib/x86_64-linux-gnu/libtinfo.so.6.3)
==2450934==    by 0x4B0C4C9: tgetent_sp (in /usr/lib/x86_64-linux-gnu/libtinfo.so.6.3)
==2450934==    by 0x48A81CD: _rl_init_terminal_io (in /usr/lib/x86_64-linux-gnu/libreadline.so.8.1)
==2450934==    by 0x4894A0F: rl_initialize (in /usr/lib/x86_64-linux-gnu/libreadline.so.8.1)
==2450934==    by 0x4894CD4: readline (in /usr/lib/x86_64-linux-gnu/libreadline.so.8.1)
==2450934== 
==2450934== 3,904 bytes in 1 blocks are still reachable in loss record 44 of 67
==2450934==    at 0x4848899: malloc (in /usr/libexec/valgrind/vgpreload_memcheck-amd64-linux.so)
==2450934==    by 0x4AFFFFF: ??? (in /usr/lib/x86_64-linux-gnu/libtinfo.so.6.3)
==2450934==    by 0x4B0B87D: _nc_setupterm (in /usr/lib/x86_64-linux-gnu/libtinfo.so.6.3)
==2450934==    by 0x4B0C4C9: tgetent_sp (in /usr/lib/x86_64-linux-gnu/libtinfo.so.6.3)
==2450934==    by 0x48A81CD: _rl_init_terminal_io (in /usr/lib/x86_64-linux-gnu/libreadline.so.8.1)
==2450934==    by 0x4894A0F: rl_initialize (in /usr/lib/x86_64-linux-gnu/libreadline.so.8.1)
==2450934==    by 0x4894CD4: readline (in /usr/lib/x86_64-linux-gnu/libreadline.so.8.1)
==2450934==    by 0x40677B: read_input_line (readline.c:99)
==2450934==    by 0x4015A9: main (minishell.c:94)
==2450934== 
==2450934== 4,016 bytes in 1 blocks are still reachable in loss record 45 of 67
==2450934==    at 0x4848899: malloc (in /usr/libexec/valgrind/vgpreload_memcheck-amd64-linux.so)
==2450934==    by 0x48ACBAC: xmalloc (in /usr/lib/x86_64-linux-gnu/libreadline.so.8.1)
==2450934==    by 0x48A5FD6: add_history (in /usr/lib/x86_64-linux-gnu/libreadline.so.8.1)
==2450934==    by 0x4067F5: read_input_line (readline.c:104)
==2450934==    by 0x4015A9: main (minishell.c:94)
==2450934== 
==2450934== 4,080 bytes in 1 blocks are still reachable in loss record 46 of 67
==2450934==    at 0x4848899: malloc (in /usr/libexec/valgrind/vgpreload_memcheck-amd64-linux.so)
==2450934==    by 0x48ACBAC: xmalloc (in /usr/lib/x86_64-linux-gnu/libreadline.so.8.1)
==2450934==    by 0x48A83F9: _rl_init_terminal_io (in /usr/lib/x86_64-linux-gnu/libreadline.so.8.1)
==2450934==    by 0x4894A0F: rl_initialize (in /usr/lib/x86_64-linux-gnu/libreadline.so.8.1)
==2450934==    by 0x4894CD4: readline (in /usr/lib/x86_64-linux-gnu/libreadline.so.8.1)
==2450934==    by 0x40677B: read_input_line (readline.c:99)
==2450934==    by 0x4015A9: main (minishell.c:94)
==2450934== 
==2450934== 4,112 bytes in 1 blocks are still reachable in loss record 47 of 67
==2450934==    at 0x4848899: malloc (in /usr/libexec/valgrind/vgpreload_memcheck-amd64-linux.so)
==2450934==    by 0x48ACBAC: xmalloc (in /usr/lib/x86_64-linux-gnu/libreadline.so.8.1)
==2450934==    by 0x4889251: rl_make_bare_keymap (in /usr/lib/x86_64-linux-gnu/libreadline.so.8.1)
==2450934==    by 0x4889B6A: rl_generic_bind (in /usr/lib/x86_64-linux-gnu/libreadline.so.8.1)
==2450934==    by 0x489475D: rl_bind_keyseq_if_unbound_in_map (in /usr/lib/x86_64-linux-gnu/libreadline.so.8.1)
==2450934==    by 0x48A7DD5: ??? (in /usr/lib/x86_64-linux-gnu/libreadline.so.8.1)
==2450934==    by 0x48A831F: _rl_init_terminal_io (in /usr/lib/x86_64-linux-gnu/libreadline.so.8.1)
==2450934==    by 0x4894A0F: rl_initialize (in /usr/lib/x86_64-linux-gnu/libreadline.so.8.1)
==2450934==    by 0x4894CD4: readline (in /usr/lib/x86_64-linux-gnu/libreadline.so.8.1)
==2450934==    by 0x40677B: read_input_line (readline.c:99)
==2450934==    by 0x4015A9: main (minishell.c:94)
==2450934== 
==2450934== 4,112 bytes in 1 blocks are still reachable in loss record 48 of 67
==2450934==    at 0x4848899: malloc (in /usr/libexec/valgrind/vgpreload_memcheck-amd64-linux.so)
==2450934==    by 0x48ACBAC: xmalloc (in /usr/lib/x86_64-linux-gnu/libreadline.so.8.1)
==2450934==    by 0x4889251: rl_make_bare_keymap (in /usr/lib/x86_64-linux-gnu/libreadline.so.8.1)
==2450934==    by 0x4889B6A: rl_generic_bind (in /usr/lib/x86_64-linux-gnu/libreadline.so.8.1)
==2450934==    by 0x489475D: rl_bind_keyseq_if_unbound_in_map (in /usr/lib/x86_64-linux-gnu/libreadline.so.8.1)
==2450934==    by 0x48A7E5A: ??? (in /usr/lib/x86_64-linux-gnu/libreadline.so.8.1)
==2450934==    by 0x48A831F: _rl_init_terminal_io (in /usr/lib/x86_64-linux-gnu/libreadline.so.8.1)
==2450934==    by 0x4894A0F: rl_initialize (in /usr/lib/x86_64-linux-gnu/libreadline.so.8.1)
==2450934==    by 0x4894CD4: readline (in /usr/lib/x86_64-linux-gnu/libreadline.so.8.1)
==2450934==    by 0x40677B: read_input_line (readline.c:99)
==2450934==    by 0x4015A9: main (minishell.c:94)
==2450934== 
==2450934== 4,112 bytes in 1 blocks are still reachable in loss record 49 of 67
==2450934==    at 0x4848899: malloc (in /usr/libexec/valgrind/vgpreload_memcheck-amd64-linux.so)
==2450934==    by 0x48ACBAC: xmalloc (in /usr/lib/x86_64-linux-gnu/libreadline.so.8.1)
==2450934==    by 0x4889251: rl_make_bare_keymap (in /usr/lib/x86_64-linux-gnu/libreadline.so.8.1)
==2450934==    by 0x4889B6A: rl_generic_bind (in /usr/lib/x86_64-linux-gnu/libreadline.so.8.1)
==2450934==    by 0x489475D: rl_bind_keyseq_if_unbound_in_map (in /usr/lib/x86_64-linux-gnu/libreadline.so.8.1)
==2450934==    by 0x48A7E5A: ??? (in /usr/lib/x86_64-linux-gnu/libreadline.so.8.1)
==2450934==    by 0x48A832B: _rl_init_terminal_io (in /usr/lib/x86_64-linux-gnu/libreadline.so.8.1)
==2450934==    by 0x4894A0F: rl_initialize (in /usr/lib/x86_64-linux-gnu/libreadline.so.8.1)
==2450934==    by 0x4894CD4: readline (in /usr/lib/x86_64-linux-gnu/libreadline.so.8.1)
==2450934==    by 0x40677B: read_input_line (readline.c:99)
==2450934==    by 0x4015A9: main (minishell.c:94)
==2450934== 
==2450934== 4,112 bytes in 1 blocks are still reachable in loss record 50 of 67
==2450934==    at 0x4848899: malloc (in /usr/libexec/valgrind/vgpreload_memcheck-amd64-linux.so)
==2450934==    by 0x48ACBAC: xmalloc (in /usr/lib/x86_64-linux-gnu/libreadline.so.8.1)
==2450934==    by 0x4889251: rl_make_bare_keymap (in /usr/lib/x86_64-linux-gnu/libreadline.so.8.1)
==2450934==    by 0x4889B6A: rl_generic_bind (in /usr/lib/x86_64-linux-gnu/libreadline.so.8.1)
==2450934==    by 0x489475D: rl_bind_keyseq_if_unbound_in_map (in /usr/lib/x86_64-linux-gnu/libreadline.so.8.1)
==2450934==    by 0x48A7E5A: ??? (in /usr/lib/x86_64-linux-gnu/libreadline.so.8.1)
==2450934==    by 0x48A8337: _rl_init_terminal_io (in /usr/lib/x86_64-linux-gnu/libreadline.so.8.1)
==2450934==    by 0x4894A0F: rl_initialize (in /usr/lib/x86_64-linux-gnu/libreadline.so.8.1)
==2450934==    by 0x4894CD4: readline (in /usr/lib/x86_64-linux-gnu/libreadline.so.8.1)
==2450934==    by 0x40677B: read_input_line (readline.c:99)
==2450934==    by 0x4015A9: main (minishell.c:94)
==2450934== 
==2450934== 4,112 bytes in 1 blocks are still reachable in loss record 51 of 67
==2450934==    at 0x4848899: malloc (in /usr/libexec/valgrind/vgpreload_memcheck-amd64-linux.so)
==2450934==    by 0x48ACBAC: xmalloc (in /usr/lib/x86_64-linux-gnu/libreadline.so.8.1)
==2450934==    by 0x4889251: rl_make_bare_keymap (in /usr/lib/x86_64-linux-gnu/libreadline.so.8.1)
==2450934==    by 0x4889B6A: rl_generic_bind (in /usr/lib/x86_64-linux-gnu/libreadline.so.8.1)
==2450934==    by 0x489475D: rl_bind_keyseq_if_unbound_in_map (in /usr/lib/x86_64-linux-gnu/libreadline.so.8.1)
==2450934==    by 0x489494C: ??? (in /usr/lib/x86_64-linux-gnu/libreadline.so.8.1)
==2450934==    by 0x4894A84: rl_initialize (in /usr/lib/x86_64-linux-gnu/libreadline.so.8.1)
==2450934==    by 0x4894CD4: readline (in /usr/lib/x86_64-linux-gnu/libreadline.so.8.1)
==2450934==    by 0x40677B: read_input_line (readline.c:99)
==2450934==    by 0x4015A9: main (minishell.c:94)
==2450934== 
==2450934== 4,112 bytes in 1 blocks are still reachable in loss record 52 of 67
==2450934==    at 0x4848899: malloc (in /usr/libexec/valgrind/vgpreload_memcheck-amd64-linux.so)
==2450934==    by 0x48ACBAC: xmalloc (in /usr/lib/x86_64-linux-gnu/libreadline.so.8.1)
==2450934==    by 0x4889251: rl_make_bare_keymap (in /usr/lib/x86_64-linux-gnu/libreadline.so.8.1)
==2450934==    by 0x4889B6A: rl_generic_bind (in /usr/lib/x86_64-linux-gnu/libreadline.so.8.1)
==2450934==    by 0x489475D: rl_bind_keyseq_if_unbound_in_map (in /usr/lib/x86_64-linux-gnu/libreadline.so.8.1)
==2450934==    by 0x489494C: ??? (in /usr/lib/x86_64-linux-gnu/libreadline.so.8.1)
==2450934==    by 0x4894A93: rl_initialize (in /usr/lib/x86_64-linux-gnu/libreadline.so.8.1)
==2450934==    by 0x4894CD4: readline (in /usr/lib/x86_64-linux-gnu/libreadline.so.8.1)
==2450934==    by 0x40677B: read_input_line (readline.c:99)
==2450934==    by 0x4015A9: main (minishell.c:94)
==2450934== 
==2450934== 4,112 bytes in 1 blocks are still reachable in loss record 53 of 67
==2450934==    at 0x4848899: malloc (in /usr/libexec/valgrind/vgpreload_memcheck-amd64-linux.so)
==2450934==    by 0x48ACBAC: xmalloc (in /usr/lib/x86_64-linux-gnu/libreadline.so.8.1)
==2450934==    by 0x4889251: rl_make_bare_keymap (in /usr/lib/x86_64-linux-gnu/libreadline.so.8.1)
==2450934==    by 0x4889B6A: rl_generic_bind (in /usr/lib/x86_64-linux-gnu/libreadline.so.8.1)
==2450934==    by 0x489475D: rl_bind_keyseq_if_unbound_in_map (in /usr/lib/x86_64-linux-gnu/libreadline.so.8.1)
==2450934==    by 0x489494C: ??? (in /usr/lib/x86_64-linux-gnu/libreadline.so.8.1)
==2450934==    by 0x4894AB8: rl_initialize (in /usr/lib/x86_64-linux-gnu/libreadline.so.8.1)
==2450934==    by 0x4894CD4: readline (in /usr/lib/x86_64-linux-gnu/libreadline.so.8.1)
==2450934==    by 0x40677B: read_input_line (readline.c:99)
==2450934==    by 0x4015A9: main (minishell.c:94)
==2450934== 
==2450934== 7,952 bytes in 1 blocks are still reachable in loss record 54 of 67
==2450934==    at 0x484DA83: calloc (in /usr/libexec/valgrind/vgpreload_memcheck-amd64-linux.so)
==2450934==    by 0x4AFEC97: ??? (in /usr/lib/x86_64-linux-gnu/libtinfo.so.6.3)
==2450934==    by 0x4B003AF: _nc_find_type_entry (in /usr/lib/x86_64-linux-gnu/libtinfo.so.6.3)
==2450934==    by 0x4B02E4C: tgetstr_sp (in /usr/lib/x86_64-linux-gnu/libtinfo.so.6.3)
==2450934==    by 0x48A821A: _rl_init_terminal_io (in /usr/lib/x86_64-linux-gnu/libreadline.so.8.1)
==2450934==    by 0x4894A0F: rl_initialize (in /usr/lib/x86_64-linux-gnu/libreadline.so.8.1)
==2450934==    by 0x4894CD4: readline (in /usr/lib/x86_64-linux-gnu/libreadline.so.8.1)
==2450934==    by 0x40677B: read_input_line (readline.c:99)
==2450934==    by 0x4015A9: main (minishell.c:94)
==2450934== 
==2450934== 8,224 bytes in 2 blocks are still reachable in loss record 55 of 67
==2450934==    at 0x4848899: malloc (in /usr/libexec/valgrind/vgpreload_memcheck-amd64-linux.so)
==2450934==    by 0x48ACBAC: xmalloc (in /usr/lib/x86_64-linux-gnu/libreadline.so.8.1)
==2450934==    by 0x4889251: rl_make_bare_keymap (in /usr/lib/x86_64-linux-gnu/libreadline.so.8.1)
==2450934==    by 0x4889B6A: rl_generic_bind (in /usr/lib/x86_64-linux-gnu/libreadline.so.8.1)
==2450934==    by 0x489475D: rl_bind_keyseq_if_unbound_in_map (in /usr/lib/x86_64-linux-gnu/libreadline.so.8.1)
==2450934==    by 0x48A7E47: ??? (in /usr/lib/x86_64-linux-gnu/libreadline.so.8.1)
==2450934==    by 0x48A831F: _rl_init_terminal_io (in /usr/lib/x86_64-linux-gnu/libreadline.so.8.1)
==2450934==    by 0x4894A0F: rl_initialize (in /usr/lib/x86_64-linux-gnu/libreadline.so.8.1)
==2450934==    by 0x4894CD4: readline (in /usr/lib/x86_64-linux-gnu/libreadline.so.8.1)
==2450934==    by 0x40677B: read_input_line (readline.c:99)
==2450934==    by 0x4015A9: main (minishell.c:94)
==2450934== 
==2450934== 8,224 bytes in 2 blocks are still reachable in loss record 56 of 67
==2450934==    at 0x4848899: malloc (in /usr/libexec/valgrind/vgpreload_memcheck-amd64-linux.so)
==2450934==    by 0x48ACBAC: xmalloc (in /usr/lib/x86_64-linux-gnu/libreadline.so.8.1)
==2450934==    by 0x4889251: rl_make_bare_keymap (in /usr/lib/x86_64-linux-gnu/libreadline.so.8.1)
==2450934==    by 0x4889B6A: rl_generic_bind (in /usr/lib/x86_64-linux-gnu/libreadline.so.8.1)
==2450934==    by 0x489475D: rl_bind_keyseq_if_unbound_in_map (in /usr/lib/x86_64-linux-gnu/libreadline.so.8.1)
==2450934==    by 0x48A7DD5: ??? (in /usr/lib/x86_64-linux-gnu/libreadline.so.8.1)
==2450934==    by 0x48A832B: _rl_init_terminal_io (in /usr/lib/x86_64-linux-gnu/libreadline.so.8.1)
==2450934==    by 0x4894A0F: rl_initialize (in /usr/lib/x86_64-linux-gnu/libreadline.so.8.1)
==2450934==    by 0x4894CD4: readline (in /usr/lib/x86_64-linux-gnu/libreadline.so.8.1)
==2450934==    by 0x40677B: read_input_line (readline.c:99)
==2450934==    by 0x4015A9: main (minishell.c:94)
==2450934== 
==2450934== 8,224 bytes in 2 blocks are still reachable in loss record 57 of 67
==2450934==    at 0x4848899: malloc (in /usr/libexec/valgrind/vgpreload_memcheck-amd64-linux.so)
==2450934==    by 0x48ACBAC: xmalloc (in /usr/lib/x86_64-linux-gnu/libreadline.so.8.1)
==2450934==    by 0x4889251: rl_make_bare_keymap (in /usr/lib/x86_64-linux-gnu/libreadline.so.8.1)
==2450934==    by 0x4889B6A: rl_generic_bind (in /usr/lib/x86_64-linux-gnu/libreadline.so.8.1)
==2450934==    by 0x489475D: rl_bind_keyseq_if_unbound_in_map (in /usr/lib/x86_64-linux-gnu/libreadline.so.8.1)
==2450934==    by 0x48A7E47: ??? (in /usr/lib/x86_64-linux-gnu/libreadline.so.8.1)
==2450934==    by 0x48A832B: _rl_init_terminal_io (in /usr/lib/x86_64-linux-gnu/libreadline.so.8.1)
==2450934==    by 0x4894A0F: rl_initialize (in /usr/lib/x86_64-linux-gnu/libreadline.so.8.1)
==2450934==    by 0x4894CD4: readline (in /usr/lib/x86_64-linux-gnu/libreadline.so.8.1)
==2450934==    by 0x40677B: read_input_line (readline.c:99)
==2450934==    by 0x4015A9: main (minishell.c:94)
==2450934== 
==2450934== 8,224 bytes in 2 blocks are still reachable in loss record 58 of 67
==2450934==    at 0x4848899: malloc (in /usr/libexec/valgrind/vgpreload_memcheck-amd64-linux.so)
==2450934==    by 0x48ACBAC: xmalloc (in /usr/lib/x86_64-linux-gnu/libreadline.so.8.1)
==2450934==    by 0x4889251: rl_make_bare_keymap (in /usr/lib/x86_64-linux-gnu/libreadline.so.8.1)
==2450934==    by 0x4889B6A: rl_generic_bind (in /usr/lib/x86_64-linux-gnu/libreadline.so.8.1)
==2450934==    by 0x489475D: rl_bind_keyseq_if_unbound_in_map (in /usr/lib/x86_64-linux-gnu/libreadline.so.8.1)
==2450934==    by 0x48A7DD5: ??? (in /usr/lib/x86_64-linux-gnu/libreadline.so.8.1)
==2450934==    by 0x48A8337: _rl_init_terminal_io (in /usr/lib/x86_64-linux-gnu/libreadline.so.8.1)
==2450934==    by 0x4894A0F: rl_initialize (in /usr/lib/x86_64-linux-gnu/libreadline.so.8.1)
==2450934==    by 0x4894CD4: readline (in /usr/lib/x86_64-linux-gnu/libreadline.so.8.1)
==2450934==    by 0x40677B: read_input_line (readline.c:99)
==2450934==    by 0x4015A9: main (minishell.c:94)
==2450934== 
==2450934== 8,224 bytes in 2 blocks are still reachable in loss record 59 of 67
==2450934==    at 0x4848899: malloc (in /usr/libexec/valgrind/vgpreload_memcheck-amd64-linux.so)
==2450934==    by 0x48ACBAC: xmalloc (in /usr/lib/x86_64-linux-gnu/libreadline.so.8.1)
==2450934==    by 0x4889251: rl_make_bare_keymap (in /usr/lib/x86_64-linux-gnu/libreadline.so.8.1)
==2450934==    by 0x4889B6A: rl_generic_bind (in /usr/lib/x86_64-linux-gnu/libreadline.so.8.1)
==2450934==    by 0x489475D: rl_bind_keyseq_if_unbound_in_map (in /usr/lib/x86_64-linux-gnu/libreadline.so.8.1)
==2450934==    by 0x48A7E47: ??? (in /usr/lib/x86_64-linux-gnu/libreadline.so.8.1)
==2450934==    by 0x48A8337: _rl_init_terminal_io (in /usr/lib/x86_64-linux-gnu/libreadline.so.8.1)
==2450934==    by 0x4894A0F: rl_initialize (in /usr/lib/x86_64-linux-gnu/libreadline.so.8.1)
==2450934==    by 0x4894CD4: readline (in /usr/lib/x86_64-linux-gnu/libreadline.so.8.1)
==2450934==    by 0x40677B: read_input_line (readline.c:99)
==2450934==    by 0x4015A9: main (minishell.c:94)
==2450934== 
==2450934== 8,224 bytes in 2 blocks are still reachable in loss record 60 of 67
==2450934==    at 0x4848899: malloc (in /usr/libexec/valgrind/vgpreload_memcheck-amd64-linux.so)
==2450934==    by 0x48ACBAC: xmalloc (in /usr/lib/x86_64-linux-gnu/libreadline.so.8.1)
==2450934==    by 0x4889251: rl_make_bare_keymap (in /usr/lib/x86_64-linux-gnu/libreadline.so.8.1)
==2450934==    by 0x4889B6A: rl_generic_bind (in /usr/lib/x86_64-linux-gnu/libreadline.so.8.1)
==2450934==    by 0x489475D: rl_bind_keyseq_if_unbound_in_map (in /usr/lib/x86_64-linux-gnu/libreadline.so.8.1)
==2450934==    by 0x489493D: ??? (in /usr/lib/x86_64-linux-gnu/libreadline.so.8.1)
==2450934==    by 0x4894A84: rl_initialize (in /usr/lib/x86_64-linux-gnu/libreadline.so.8.1)
==2450934==    by 0x4894CD4: readline (in /usr/lib/x86_64-linux-gnu/libreadline.so.8.1)
==2450934==    by 0x40677B: read_input_line (readline.c:99)
==2450934==    by 0x4015A9: main (minishell.c:94)
==2450934== 
==2450934== 8,224 bytes in 2 blocks are still reachable in loss record 61 of 67
==2450934==    at 0x4848899: malloc (in /usr/libexec/valgrind/vgpreload_memcheck-amd64-linux.so)
==2450934==    by 0x48ACBAC: xmalloc (in /usr/lib/x86_64-linux-gnu/libreadline.so.8.1)
==2450934==    by 0x4889251: rl_make_bare_keymap (in /usr/lib/x86_64-linux-gnu/libreadline.so.8.1)
==2450934==    by 0x4889B6A: rl_generic_bind (in /usr/lib/x86_64-linux-gnu/libreadline.so.8.1)
==2450934==    by 0x489475D: rl_bind_keyseq_if_unbound_in_map (in /usr/lib/x86_64-linux-gnu/libreadline.so.8.1)
==2450934==    by 0x489493D: ??? (in /usr/lib/x86_64-linux-gnu/libreadline.so.8.1)
==2450934==    by 0x4894A93: rl_initialize (in /usr/lib/x86_64-linux-gnu/libreadline.so.8.1)
==2450934==    by 0x4894CD4: readline (in /usr/lib/x86_64-linux-gnu/libreadline.so.8.1)
==2450934==    by 0x40677B: read_input_line (readline.c:99)
==2450934==    by 0x4015A9: main (minishell.c:94)
==2450934== 
==2450934== 8,224 bytes in 2 blocks are still reachable in loss record 62 of 67
==2450934==    at 0x4848899: malloc (in /usr/libexec/valgrind/vgpreload_memcheck-amd64-linux.so)
==2450934==    by 0x48ACBAC: xmalloc (in /usr/lib/x86_64-linux-gnu/libreadline.so.8.1)
==2450934==    by 0x4889251: rl_make_bare_keymap (in /usr/lib/x86_64-linux-gnu/libreadline.so.8.1)
==2450934==    by 0x4889B6A: rl_generic_bind (in /usr/lib/x86_64-linux-gnu/libreadline.so.8.1)
==2450934==    by 0x489475D: rl_bind_keyseq_if_unbound_in_map (in /usr/lib/x86_64-linux-gnu/libreadline.so.8.1)
==2450934==    by 0x489493D: ??? (in /usr/lib/x86_64-linux-gnu/libreadline.so.8.1)
==2450934==    by 0x4894AB8: rl_initialize (in /usr/lib/x86_64-linux-gnu/libreadline.so.8.1)
==2450934==    by 0x4894CD4: readline (in /usr/lib/x86_64-linux-gnu/libreadline.so.8.1)
==2450934==    by 0x40677B: read_input_line (readline.c:99)
==2450934==    by 0x4015A9: main (minishell.c:94)
==2450934== 
==2450934== 8,224 bytes in 2 blocks are still reachable in loss record 63 of 67
==2450934==    at 0x4848899: malloc (in /usr/libexec/valgrind/vgpreload_memcheck-amd64-linux.so)
==2450934==    by 0x48ACBAC: xmalloc (in /usr/lib/x86_64-linux-gnu/libreadline.so.8.1)
==2450934==    by 0x4889251: rl_make_bare_keymap (in /usr/lib/x86_64-linux-gnu/libreadline.so.8.1)
==2450934==    by 0x4889B6A: rl_generic_bind (in /usr/lib/x86_64-linux-gnu/libreadline.so.8.1)
==2450934==    by 0x489475D: rl_bind_keyseq_if_unbound_in_map (in /usr/lib/x86_64-linux-gnu/libreadline.so.8.1)
==2450934==    by 0x4894AD2: rl_initialize (in /usr/lib/x86_64-linux-gnu/libreadline.so.8.1)
==2450934==    by 0x4894CD4: readline (in /usr/lib/x86_64-linux-gnu/libreadline.so.8.1)
==2450934==    by 0x40677B: read_input_line (readline.c:99)
==2450934==    by 0x4015A9: main (minishell.c:94)
==2450934== 
==2450934== 8,224 bytes in 2 blocks are still reachable in loss record 64 of 67
==2450934==    at 0x4848899: malloc (in /usr/libexec/valgrind/vgpreload_memcheck-amd64-linux.so)
==2450934==    by 0x48ACBAC: xmalloc (in /usr/lib/x86_64-linux-gnu/libreadline.so.8.1)
==2450934==    by 0x4889251: rl_make_bare_keymap (in /usr/lib/x86_64-linux-gnu/libreadline.so.8.1)
==2450934==    by 0x4889B6A: rl_generic_bind (in /usr/lib/x86_64-linux-gnu/libreadline.so.8.1)
==2450934==    by 0x489475D: rl_bind_keyseq_if_unbound_in_map (in /usr/lib/x86_64-linux-gnu/libreadline.so.8.1)
==2450934==    by 0x4894AE1: rl_initialize (in /usr/lib/x86_64-linux-gnu/libreadline.so.8.1)
==2450934==    by 0x4894CD4: readline (in /usr/lib/x86_64-linux-gnu/libreadline.so.8.1)
==2450934==    by 0x40677B: read_input_line (readline.c:99)
==2450934==    by 0x4015A9: main (minishell.c:94)
==2450934== 
==2450934== 12,336 bytes in 3 blocks are still reachable in loss record 65 of 67
==2450934==    at 0x4848899: malloc (in /usr/libexec/valgrind/vgpreload_memcheck-amd64-linux.so)
==2450934==    by 0x48ACBAC: xmalloc (in /usr/lib/x86_64-linux-gnu/libreadline.so.8.1)
==2450934==    by 0x4889251: rl_make_bare_keymap (in /usr/lib/x86_64-linux-gnu/libreadline.so.8.1)
==2450934==    by 0x4889B6A: rl_generic_bind (in /usr/lib/x86_64-linux-gnu/libreadline.so.8.1)
==2450934==    by 0x489475D: rl_bind_keyseq_if_unbound_in_map (in /usr/lib/x86_64-linux-gnu/libreadline.so.8.1)
==2450934==    by 0x4894914: ??? (in /usr/lib/x86_64-linux-gnu/libreadline.so.8.1)
==2450934==    by 0x4894A93: rl_initialize (in /usr/lib/x86_64-linux-gnu/libreadline.so.8.1)
==2450934==    by 0x4894CD4: readline (in /usr/lib/x86_64-linux-gnu/libreadline.so.8.1)
==2450934==    by 0x40677B: read_input_line (readline.c:99)
==2450934==    by 0x4015A9: main (minishell.c:94)
==2450934== 
==2450934== 12,336 bytes in 3 blocks are still reachable in loss record 66 of 67
==2450934==    at 0x4848899: malloc (in /usr/libexec/valgrind/vgpreload_memcheck-amd64-linux.so)
==2450934==    by 0x48ACBAC: xmalloc (in /usr/lib/x86_64-linux-gnu/libreadline.so.8.1)
==2450934==    by 0x4889251: rl_make_bare_keymap (in /usr/lib/x86_64-linux-gnu/libreadline.so.8.1)
==2450934==    by 0x4889B6A: rl_generic_bind (in /usr/lib/x86_64-linux-gnu/libreadline.so.8.1)
==2450934==    by 0x489475D: rl_bind_keyseq_if_unbound_in_map (in /usr/lib/x86_64-linux-gnu/libreadline.so.8.1)
==2450934==    by 0x4894914: ??? (in /usr/lib/x86_64-linux-gnu/libreadline.so.8.1)
==2450934==    by 0x4894AB8: rl_initialize (in /usr/lib/x86_64-linux-gnu/libreadline.so.8.1)
==2450934==    by 0x4894CD4: readline (in /usr/lib/x86_64-linux-gnu/libreadline.so.8.1)
==2450934==    by 0x40677B: read_input_line (readline.c:99)
==2450934==    by 0x4015A9: main (minishell.c:94)
==2450934== 
==2450934== 28,784 bytes in 7 blocks are still reachable in loss record 67 of 67
==2450934==    at 0x4848899: malloc (in /usr/libexec/valgrind/vgpreload_memcheck-amd64-linux.so)
==2450934==    by 0x48ACBAC: xmalloc (in /usr/lib/x86_64-linux-gnu/libreadline.so.8.1)
==2450934==    by 0x4889251: rl_make_bare_keymap (in /usr/lib/x86_64-linux-gnu/libreadline.so.8.1)
==2450934==    by 0x4889B6A: rl_generic_bind (in /usr/lib/x86_64-linux-gnu/libreadline.so.8.1)
==2450934==    by 0x489A99E: rl_parse_and_bind (in /usr/lib/x86_64-linux-gnu/libreadline.so.8.1)
==2450934==    by 0x489AB6C: ??? (in /usr/lib/x86_64-linux-gnu/libreadline.so.8.1)
==2450934==    by 0x4894A38: rl_initialize (in /usr/lib/x86_64-linux-gnu/libreadline.so.8.1)
==2450934==    by 0x4894CD4: readline (in /usr/lib/x86_64-linux-gnu/libreadline.so.8.1)
==2450934==    by 0x40677B: read_input_line (readline.c:99)
==2450934==    by 0x4015A9: main (minishell.c:94)
==2450934== 
==2450934== LEAK SUMMARY:
==2450934==    definitely lost: 0 bytes in 0 blocks
==2450934==    indirectly lost: 0 bytes in 0 blocks
==2450934==      possibly lost: 0 bytes in 0 blocks
==2450934==    still reachable: 208,263 bytes in 226 blocks
==2450934==         suppressed: 0 bytes in 0 blocks
==2450934== 
==2450934== For lists of detected and suppressed errors, rerun with: -s
==2450934== ERROR SUMMARY: 0 errors from 0 contexts (suppressed: 0 from 0)
==2450933== 
==2450933== HEAP SUMMARY:
==2450933==     in use at exit: 208,263 bytes in 226 blocks
==2450933==   total heap usage: 588 allocs, 362 frees, 232,308 bytes allocated
==2450933== 
==2450933== 8 bytes in 1 blocks are still reachable in loss record 1 of 67
==2450933==    at 0x4848899: malloc (in /usr/libexec/valgrind/vgpreload_memcheck-amd64-linux.so)
==2450933==    by 0x48AD4A7: xrealloc (in /usr/lib/x86_64-linux-gnu/libreadline.so.8.1)
==2450933==    by 0x4899626: ??? (in /usr/lib/x86_64-linux-gnu/libreadline.so.8.1)
==2450933==    by 0x4899E0D: rl_expand_prompt (in /usr/lib/x86_64-linux-gnu/libreadline.so.8.1)
==2450933==    by 0x48891BF: rl_set_prompt (in /usr/lib/x86_64-linux-gnu/libreadline.so.8.1)
==2450933==    by 0x4894CCF: readline (in /usr/lib/x86_64-linux-gnu/libreadline.so.8.1)
==2450933==    by 0x40677B: read_input_line (readline.c:99)
==2450933==    by 0x4015A9: main (minishell.c:94)
==2450933== 
==2450933== 8 bytes in 1 blocks are still reachable in loss record 2 of 67
==2450933==    at 0x4848899: malloc (in /usr/libexec/valgrind/vgpreload_memcheck-amd64-linux.so)
==2450933==    by 0x496F58E: strdup (strdup.c:42)
==2450933==    by 0x4B0DD17: _nc_trim_sgr0 (in /usr/lib/x86_64-linux-gnu/libtinfo.so.6.3)
==2450933==    by 0x4B0C6A8: tgetent_sp (in /usr/lib/x86_64-linux-gnu/libtinfo.so.6.3)
==2450933==    by 0x48A81CD: _rl_init_terminal_io (in /usr/lib/x86_64-linux-gnu/libreadline.so.8.1)
==2450933==    by 0x4894A0F: rl_initialize (in /usr/lib/x86_64-linux-gnu/libreadline.so.8.1)
==2450933==    by 0x4894CD4: readline (in /usr/lib/x86_64-linux-gnu/libreadline.so.8.1)
==2450933==    by 0x40677B: read_input_line (readline.c:99)
==2450933==    by 0x4015A9: main (minishell.c:94)
==2450933== 
==2450933== 8 bytes in 1 blocks are still reachable in loss record 3 of 67
==2450933==    at 0x4848899: malloc (in /usr/libexec/valgrind/vgpreload_memcheck-amd64-linux.so)
==2450933==    by 0x48ACBAC: xmalloc (in /usr/lib/x86_64-linux-gnu/libreadline.so.8.1)
==2450933==    by 0x488A694: readline_internal_teardown (in /usr/lib/x86_64-linux-gnu/libreadline.so.8.1)
==2450933==    by 0x4894D2A: readline (in /usr/lib/x86_64-linux-gnu/libreadline.so.8.1)
==2450933==    by 0x40677B: read_input_line (readline.c:99)
==2450933==    by 0x4015A9: main (minishell.c:94)
==2450933== 
==2450933== 8 bytes in 1 blocks are still reachable in loss record 4 of 67
==2450933==    at 0x4848899: malloc (in /usr/libexec/valgrind/vgpreload_memcheck-amd64-linux.so)
==2450933==    by 0x48ACBAC: xmalloc (in /usr/lib/x86_64-linux-gnu/libreadline.so.8.1)
==2450933==    by 0x48A3B39: alloc_history_entry (in /usr/lib/x86_64-linux-gnu/libreadline.so.8.1)
==2450933==    by 0x48A5F65: add_history (in /usr/lib/x86_64-linux-gnu/libreadline.so.8.1)
==2450933==    by 0x4067F5: read_input_line (readline.c:104)
==2450933==    by 0x4015A9: main (minishell.c:94)
==2450933== 
==2450933== 12 bytes in 1 blocks are still reachable in loss record 5 of 67
==2450933==    at 0x4848899: malloc (in /usr/libexec/valgrind/vgpreload_memcheck-amd64-linux.so)
==2450933==    by 0x48ACBAC: xmalloc (in /usr/lib/x86_64-linux-gnu/libreadline.so.8.1)
==2450933==    by 0x48A5F28: add_history (in /usr/lib/x86_64-linux-gnu/libreadline.so.8.1)
==2450933==    by 0x4067F5: read_input_line (readline.c:104)
==2450933==    by 0x4015A9: main (minishell.c:94)
==2450933== 
==2450933== 13 bytes in 1 blocks are still reachable in loss record 6 of 67
==2450933==    at 0x4848899: malloc (in /usr/libexec/valgrind/vgpreload_memcheck-amd64-linux.so)
==2450933==    by 0x48ACBAC: xmalloc (in /usr/lib/x86_64-linux-gnu/libreadline.so.8.1)
==2450933==    by 0x489ABF5: ??? (in /usr/lib/x86_64-linux-gnu/libreadline.so.8.1)
==2450933==    by 0x4894A38: rl_initialize (in /usr/lib/x86_64-linux-gnu/libreadline.so.8.1)
==2450933==    by 0x4894CD4: readline (in /usr/lib/x86_64-linux-gnu/libreadline.so.8.1)
==2450933==    by 0x40677B: read_input_line (readline.c:99)
==2450933==    by 0x4015A9: main (minishell.c:94)
==2450933== 
==2450933== 14 bytes in 1 blocks are still reachable in loss record 7 of 67
==2450933==    at 0x484DCD3: realloc (in /usr/libexec/valgrind/vgpreload_memcheck-amd64-linux.so)
==2450933==    by 0x4B006CC: _nc_doalloc (in /usr/lib/x86_64-linux-gnu/libtinfo.so.6.3)
==2450933==    by 0x4B07272: _nc_tiparm (in /usr/lib/x86_64-linux-gnu/libtinfo.so.6.3)
==2450933==    by 0x4B0DC7D: ??? (in /usr/lib/x86_64-linux-gnu/libtinfo.so.6.3)
==2450933==    by 0x4B0DD09: _nc_trim_sgr0 (in /usr/lib/x86_64-linux-gnu/libtinfo.so.6.3)
==2450933==    by 0x4B0C6A8: tgetent_sp (in /usr/lib/x86_64-linux-gnu/libtinfo.so.6.3)
==2450933==    by 0x48A81CD: _rl_init_terminal_io (in /usr/lib/x86_64-linux-gnu/libreadline.so.8.1)
==2450933==    by 0x4894A0F: rl_initialize (in /usr/lib/x86_64-linux-gnu/libreadline.so.8.1)
==2450933==    by 0x4894CD4: readline (in /usr/lib/x86_64-linux-gnu/libreadline.so.8.1)
==2450933==    by 0x40677B: read_input_line (readline.c:99)
==2450933==    by 0x4015A9: main (minishell.c:94)
==2450933== 
==2450933== 15 bytes in 1 blocks are still reachable in loss record 8 of 67
==2450933==    at 0x4848899: malloc (in /usr/libexec/valgrind/vgpreload_memcheck-amd64-linux.so)
==2450933==    by 0x496F58E: strdup (strdup.c:42)
==2450933==    by 0x4AFF377: ??? (in /usr/lib/x86_64-linux-gnu/libtinfo.so.6.3)
==2450933==    by 0x4B01BF8: _nc_first_db (in /usr/lib/x86_64-linux-gnu/libtinfo.so.6.3)
==2450933==    by 0x4B0B696: _nc_read_entry2 (in /usr/lib/x86_64-linux-gnu/libtinfo.so.6.3)
==2450933==    by 0x4B0B711: ??? (in /usr/lib/x86_64-linux-gnu/libtinfo.so.6.3)
==2450933==    by 0x4B0B866: _nc_setupterm (in /usr/lib/x86_64-linux-gnu/libtinfo.so.6.3)
==2450933==    by 0x4B0C4C9: tgetent_sp (in /usr/lib/x86_64-linux-gnu/libtinfo.so.6.3)
==2450933==    by 0x48A81CD: _rl_init_terminal_io (in /usr/lib/x86_64-linux-gnu/libreadline.so.8.1)
==2450933==    by 0x4894A0F: rl_initialize (in /usr/lib/x86_64-linux-gnu/libreadline.so.8.1)
==2450933==    by 0x4894CD4: readline (in /usr/lib/x86_64-linux-gnu/libreadline.so.8.1)
==2450933==    by 0x40677B: read_input_line (readline.c:99)
==2450933== 
==2450933== 15 bytes in 1 blocks are still reachable in loss record 9 of 67
==2450933==    at 0x4848899: malloc (in /usr/libexec/valgrind/vgpreload_memcheck-amd64-linux.so)
==2450933==    by 0x496F58E: strdup (strdup.c:42)
==2450933==    by 0x4B0B8AE: _nc_setupterm (in /usr/lib/x86_64-linux-gnu/libtinfo.so.6.3)
==2450933==    by 0x4B0C4C9: tgetent_sp (in /usr/lib/x86_64-linux-gnu/libtinfo.so.6.3)
==2450933==    by 0x48A81CD: _rl_init_terminal_io (in /usr/lib/x86_64-linux-gnu/libreadline.so.8.1)
==2450933==    by 0x4894A0F: rl_initialize (in /usr/lib/x86_64-linux-gnu/libreadline.so.8.1)
==2450933==    by 0x4894CD4: readline (in /usr/lib/x86_64-linux-gnu/libreadline.so.8.1)
==2450933==    by 0x40677B: read_input_line (readline.c:99)
==2450933==    by 0x4015A9: main (minishell.c:94)
==2450933== 
==2450933== 16 bytes in 1 blocks are still reachable in loss record 10 of 67
==2450933==    at 0x4848899: malloc (in /usr/libexec/valgrind/vgpreload_memcheck-amd64-linux.so)
==2450933==    by 0x4894B26: rl_initialize (in /usr/lib/x86_64-linux-gnu/libreadline.so.8.1)
==2450933==    by 0x4894CD4: readline (in /usr/lib/x86_64-linux-gnu/libreadline.so.8.1)
==2450933==    by 0x40677B: read_input_line (readline.c:99)
==2450933==    by 0x4015A9: main (minishell.c:94)
==2450933== 
==2450933== 20 bytes in 1 blocks are still reachable in loss record 11 of 67
==2450933==    at 0x4848899: malloc (in /usr/libexec/valgrind/vgpreload_memcheck-amd64-linux.so)
==2450933==    by 0x48ACBAC: xmalloc (in /usr/lib/x86_64-linux-gnu/libreadline.so.8.1)
==2450933==    by 0x4897D8B: ??? (in /usr/lib/x86_64-linux-gnu/libreadline.so.8.1)
==2450933==    by 0x489A6C9: rl_parse_and_bind (in /usr/lib/x86_64-linux-gnu/libreadline.so.8.1)
==2450933==    by 0x489AB6C: ??? (in /usr/lib/x86_64-linux-gnu/libreadline.so.8.1)
==2450933==    by 0x4894A38: rl_initialize (in /usr/lib/x86_64-linux-gnu/libreadline.so.8.1)
==2450933==    by 0x4894CD4: readline (in /usr/lib/x86_64-linux-gnu/libreadline.so.8.1)
==2450933==    by 0x40677B: read_input_line (readline.c:99)
==2450933==    by 0x4015A9: main (minishell.c:94)
==2450933== 
==2450933== 24 bytes in 1 blocks are still reachable in loss record 12 of 67
==2450933==    at 0x4848899: malloc (in /usr/libexec/valgrind/vgpreload_memcheck-amd64-linux.so)
==2450933==    by 0x49E6FA4: tsearch (tsearch.c:337)
==2450933==    by 0x4B03D6E: ??? (in /usr/lib/x86_64-linux-gnu/libtinfo.so.6.3)
==2450933==    by 0x4B07098: _nc_tiparm (in /usr/lib/x86_64-linux-gnu/libtinfo.so.6.3)
==2450933==    by 0x4B0DC7D: ??? (in /usr/lib/x86_64-linux-gnu/libtinfo.so.6.3)
==2450933==    by 0x4B0DD09: _nc_trim_sgr0 (in /usr/lib/x86_64-linux-gnu/libtinfo.so.6.3)
==2450933==    by 0x4B0C6A8: tgetent_sp (in /usr/lib/x86_64-linux-gnu/libtinfo.so.6.3)
==2450933==    by 0x48A81CD: _rl_init_terminal_io (in /usr/lib/x86_64-linux-gnu/libreadline.so.8.1)
==2450933==    by 0x4894A0F: rl_initialize (in /usr/lib/x86_64-linux-gnu/libreadline.so.8.1)
==2450933==    by 0x4894CD4: readline (in /usr/lib/x86_64-linux-gnu/libreadline.so.8.1)
==2450933==    by 0x40677B: read_input_line (readline.c:99)
==2450933==    by 0x4015A9: main (minishell.c:94)
==2450933== 
==2450933== 24 bytes in 1 blocks are still reachable in loss record 13 of 67
==2450933==    at 0x4848899: malloc (in /usr/libexec/valgrind/vgpreload_memcheck-amd64-linux.so)
==2450933==    by 0x48ACBAC: xmalloc (in /usr/lib/x86_64-linux-gnu/libreadline.so.8.1)
==2450933==    by 0x48A3B1D: alloc_history_entry (in /usr/lib/x86_64-linux-gnu/libreadline.so.8.1)
==2450933==    by 0x48A5F65: add_history (in /usr/lib/x86_64-linux-gnu/libreadline.so.8.1)
==2450933==    by 0x4067F5: read_input_line (readline.c:104)
==2450933==    by 0x4015A9: main (minishell.c:94)
==2450933== 
==2450933== 27 bytes in 1 blocks are still reachable in loss record 14 of 67
==2450933==    at 0x4848899: malloc (in /usr/libexec/valgrind/vgpreload_memcheck-amd64-linux.so)
==2450933==    by 0x48ACBAC: xmalloc (in /usr/lib/x86_64-linux-gnu/libreadline.so.8.1)
==2450933==    by 0x48891E3: rl_set_prompt (in /usr/lib/x86_64-linux-gnu/libreadline.so.8.1)
==2450933==    by 0x4894CCF: readline (in /usr/lib/x86_64-linux-gnu/libreadline.so.8.1)
==2450933==    by 0x40677B: read_input_line (readline.c:99)
==2450933==    by 0x4015A9: main (minishell.c:94)
==2450933== 
==2450933== 27 bytes in 1 blocks are still reachable in loss record 15 of 67
==2450933==    at 0x4848899: malloc (in /usr/libexec/valgrind/vgpreload_memcheck-amd64-linux.so)
==2450933==    by 0x48ACBAC: xmalloc (in /usr/lib/x86_64-linux-gnu/libreadline.so.8.1)
==2450933==    by 0x48995F2: ??? (in /usr/lib/x86_64-linux-gnu/libreadline.so.8.1)
==2450933==    by 0x4899E0D: rl_expand_prompt (in /usr/lib/x86_64-linux-gnu/libreadline.so.8.1)
==2450933==    by 0x48891BF: rl_set_prompt (in /usr/lib/x86_64-linux-gnu/libreadline.so.8.1)
==2450933==    by 0x4894CCF: readline (in /usr/lib/x86_64-linux-gnu/libreadline.so.8.1)
==2450933==    by 0x40677B: read_input_line (readline.c:99)
==2450933==    by 0x4015A9: main (minishell.c:94)
==2450933== 
==2450933== 27 bytes in 1 blocks are still reachable in loss record 16 of 67
==2450933==    at 0x4848899: malloc (in /usr/libexec/valgrind/vgpreload_memcheck-amd64-linux.so)
==2450933==    by 0x4B01624: _nc_home_terminfo (in /usr/lib/x86_64-linux-gnu/libtinfo.so.6.3)
==2450933==    by 0x4B01BE2: _nc_first_db (in /usr/lib/x86_64-linux-gnu/libtinfo.so.6.3)
==2450933==    by 0x4B0B696: _nc_read_entry2 (in /usr/lib/x86_64-linux-gnu/libtinfo.so.6.3)
==2450933==    by 0x4B0B711: ??? (in /usr/lib/x86_64-linux-gnu/libtinfo.so.6.3)
==2450933==    by 0x4B0B866: _nc_setupterm (in /usr/lib/x86_64-linux-gnu/libtinfo.so.6.3)
==2450933==    by 0x4B0C4C9: tgetent_sp (in /usr/lib/x86_64-linux-gnu/libtinfo.so.6.3)
==2450933==    by 0x48A81CD: _rl_init_terminal_io (in /usr/lib/x86_64-linux-gnu/libreadline.so.8.1)
==2450933==    by 0x4894A0F: rl_initialize (in /usr/lib/x86_64-linux-gnu/libreadline.so.8.1)
==2450933==    by 0x4894CD4: readline (in /usr/lib/x86_64-linux-gnu/libreadline.so.8.1)
==2450933==    by 0x40677B: read_input_line (readline.c:99)
==2450933==    by 0x4015A9: main (minishell.c:94)
==2450933== 
==2450933== 46 bytes in 1 blocks are still reachable in loss record 17 of 67
==2450933==    at 0x484DCD3: realloc (in /usr/libexec/valgrind/vgpreload_memcheck-amd64-linux.so)
==2450933==    by 0x4B006CC: _nc_doalloc (in /usr/lib/x86_64-linux-gnu/libtinfo.so.6.3)
==2450933==    by 0x4B0B16F: _nc_read_termtype (in /usr/lib/x86_64-linux-gnu/libtinfo.so.6.3)
==2450933==    by 0x4B0B52A: ??? (in /usr/lib/x86_64-linux-gnu/libtinfo.so.6.3)
==2450933==    by 0x4B0DC40: ??? (in /usr/lib/x86_64-linux-gnu/libtinfo.so.6.3)
==2450933==    by 0x4B0B6BB: _nc_read_entry2 (in /usr/lib/x86_64-linux-gnu/libtinfo.so.6.3)
==2450933==    by 0x4B0B711: ??? (in /usr/lib/x86_64-linux-gnu/libtinfo.so.6.3)
==2450933==    by 0x4B0B866: _nc_setupterm (in /usr/lib/x86_64-linux-gnu/libtinfo.so.6.3)
==2450933==    by 0x4B0C4C9: tgetent_sp (in /usr/lib/x86_64-linux-gnu/libtinfo.so.6.3)
==2450933==    by 0x48A81CD: _rl_init_terminal_io (in /usr/lib/x86_64-linux-gnu/libreadline.so.8.1)
==2450933==    by 0x4894A0F: rl_initialize (in /usr/lib/x86_64-linux-gnu/libreadline.so.8.1)
==2450933==    by 0x4894CD4: readline (in /usr/lib/x86_64-linux-gnu/libreadline.so.8.1)
==2450933== 
==2450933== 46 bytes in 1 blocks are still reachable in loss record 18 of 67
==2450933==    at 0x4848899: malloc (in /usr/libexec/valgrind/vgpreload_memcheck-amd64-linux.so)
==2450933==    by 0x4AFFFDE: ??? (in /usr/lib/x86_64-linux-gnu/libtinfo.so.6.3)
==2450933==    by 0x4B0B87D: _nc_setupterm (in /usr/lib/x86_64-linux-gnu/libtinfo.so.6.3)
==2450933==    by 0x4B0C4C9: tgetent_sp (in /usr/lib/x86_64-linux-gnu/libtinfo.so.6.3)
==2450933==    by 0x48A81CD: _rl_init_terminal_io (in /usr/lib/x86_64-linux-gnu/libreadline.so.8.1)
==2450933==    by 0x4894A0F: rl_initialize (in /usr/lib/x86_64-linux-gnu/libreadline.so.8.1)
==2450933==    by 0x4894CD4: readline (in /usr/lib/x86_64-linux-gnu/libreadline.so.8.1)
==2450933==    by 0x40677B: read_input_line (readline.c:99)
==2450933==    by 0x4015A9: main (minishell.c:94)
==2450933== 
==2450933== 48 bytes in 1 blocks are still reachable in loss record 19 of 67
==2450933==    at 0x484DA83: calloc (in /usr/libexec/valgrind/vgpreload_memcheck-amd64-linux.so)
==2450933==    by 0x4B01833: _nc_first_db (in /usr/lib/x86_64-linux-gnu/libtinfo.so.6.3)
==2450933==    by 0x4B0B696: _nc_read_entry2 (in /usr/lib/x86_64-linux-gnu/libtinfo.so.6.3)
==2450933==    by 0x4B0B711: ??? (in /usr/lib/x86_64-linux-gnu/libtinfo.so.6.3)
==2450933==    by 0x4B0B866: _nc_setupterm (in /usr/lib/x86_64-linux-gnu/libtinfo.so.6.3)
==2450933==    by 0x4B0C4C9: tgetent_sp (in /usr/lib/x86_64-linux-gnu/libtinfo.so.6.3)
==2450933==    by 0x48A81CD: _rl_init_terminal_io (in /usr/lib/x86_64-linux-gnu/libreadline.so.8.1)
==2450933==    by 0x4894A0F: rl_initialize (in /usr/lib/x86_64-linux-gnu/libreadline.so.8.1)
==2450933==    by 0x4894CD4: readline (in /usr/lib/x86_64-linux-gnu/libreadline.so.8.1)
==2450933==    by 0x40677B: read_input_line (readline.c:99)
==2450933==    by 0x4015A9: main (minishell.c:94)
==2450933== 
==2450933== 78 bytes in 1 blocks are still reachable in loss record 20 of 67
==2450933==    at 0x4848899: malloc (in /usr/libexec/valgrind/vgpreload_memcheck-amd64-linux.so)
==2450933==    by 0x4B0004B: ??? (in /usr/lib/x86_64-linux-gnu/libtinfo.so.6.3)
==2450933==    by 0x4B0B87D: _nc_setupterm (in /usr/lib/x86_64-linux-gnu/libtinfo.so.6.3)
==2450933==    by 0x4B0C4C9: tgetent_sp (in /usr/lib/x86_64-linux-gnu/libtinfo.so.6.3)
==2450933==    by 0x48A81CD: _rl_init_terminal_io (in /usr/lib/x86_64-linux-gnu/libreadline.so.8.1)
==2450933==    by 0x4894A0F: rl_initialize (in /usr/lib/x86_64-linux-gnu/libreadline.so.8.1)
==2450933==    by 0x4894CD4: readline (in /usr/lib/x86_64-linux-gnu/libreadline.so.8.1)
==2450933==    by 0x40677B: read_input_line (readline.c:99)
==2450933==    by 0x4015A9: main (minishell.c:94)
==2450933== 
==2450933== 93 bytes in 1 blocks are still reachable in loss record 21 of 67
==2450933==    at 0x4848899: malloc (in /usr/libexec/valgrind/vgpreload_memcheck-amd64-linux.so)
==2450933==    by 0x496F58E: strdup (strdup.c:42)
==2450933==    by 0x4B03D54: ??? (in /usr/lib/x86_64-linux-gnu/libtinfo.so.6.3)
==2450933==    by 0x4B07098: _nc_tiparm (in /usr/lib/x86_64-linux-gnu/libtinfo.so.6.3)
==2450933==    by 0x4B0DC7D: ??? (in /usr/lib/x86_64-linux-gnu/libtinfo.so.6.3)
==2450933==    by 0x4B0DD09: _nc_trim_sgr0 (in /usr/lib/x86_64-linux-gnu/libtinfo.so.6.3)
==2450933==    by 0x4B0C6A8: tgetent_sp (in /usr/lib/x86_64-linux-gnu/libtinfo.so.6.3)
==2450933==    by 0x48A81CD: _rl_init_terminal_io (in /usr/lib/x86_64-linux-gnu/libreadline.so.8.1)
==2450933==    by 0x4894A0F: rl_initialize (in /usr/lib/x86_64-linux-gnu/libreadline.so.8.1)
==2450933==    by 0x4894CD4: readline (in /usr/lib/x86_64-linux-gnu/libreadline.so.8.1)
==2450933==    by 0x40677B: read_input_line (readline.c:99)
==2450933==    by 0x4015A9: main (minishell.c:94)
==2450933== 
==2450933== 94 bytes in 1 blocks are still reachable in loss record 22 of 67
==2450933==    at 0x4848899: malloc (in /usr/libexec/valgrind/vgpreload_memcheck-amd64-linux.so)
==2450933==    by 0x4B0395B: _nc_tparm_analyze (in /usr/lib/x86_64-linux-gnu/libtinfo.so.6.3)
==2450933==    by 0x4B03C62: ??? (in /usr/lib/x86_64-linux-gnu/libtinfo.so.6.3)
==2450933==    by 0x4B07098: _nc_tiparm (in /usr/lib/x86_64-linux-gnu/libtinfo.so.6.3)
==2450933==    by 0x4B0DC7D: ??? (in /usr/lib/x86_64-linux-gnu/libtinfo.so.6.3)
==2450933==    by 0x4B0DD09: _nc_trim_sgr0 (in /usr/lib/x86_64-linux-gnu/libtinfo.so.6.3)
==2450933==    by 0x4B0C6A8: tgetent_sp (in /usr/lib/x86_64-linux-gnu/libtinfo.so.6.3)
==2450933==    by 0x48A81CD: _rl_init_terminal_io (in /usr/lib/x86_64-linux-gnu/libreadline.so.8.1)
==2450933==    by 0x4894A0F: rl_initialize (in /usr/lib/x86_64-linux-gnu/libreadline.so.8.1)
==2450933==    by 0x4894CD4: readline (in /usr/lib/x86_64-linux-gnu/libreadline.so.8.1)
==2450933==    by 0x40677B: read_input_line (readline.c:99)
==2450933==    by 0x4015A9: main (minishell.c:94)
==2450933== 
==2450933== 96 bytes in 1 blocks are still reachable in loss record 23 of 67
==2450933==    at 0x4848899: malloc (in /usr/libexec/valgrind/vgpreload_memcheck-amd64-linux.so)
==2450933==    by 0x4B0179A: _nc_first_db (in /usr/lib/x86_64-linux-gnu/libtinfo.so.6.3)
==2450933==    by 0x4B0B696: _nc_read_entry2 (in /usr/lib/x86_64-linux-gnu/libtinfo.so.6.3)
==2450933==    by 0x4B0B711: ??? (in /usr/lib/x86_64-linux-gnu/libtinfo.so.6.3)
==2450933==    by 0x4B0B866: _nc_setupterm (in /usr/lib/x86_64-linux-gnu/libtinfo.so.6.3)
==2450933==    by 0x4B0C4C9: tgetent_sp (in /usr/lib/x86_64-linux-gnu/libtinfo.so.6.3)
==2450933==    by 0x48A81CD: _rl_init_terminal_io (in /usr/lib/x86_64-linux-gnu/libreadline.so.8.1)
==2450933==    by 0x4894A0F: rl_initialize (in /usr/lib/x86_64-linux-gnu/libreadline.so.8.1)
==2450933==    by 0x4894CD4: readline (in /usr/lib/x86_64-linux-gnu/libreadline.so.8.1)
==2450933==    by 0x40677B: read_input_line (readline.c:99)
==2450933==    by 0x4015A9: main (minishell.c:94)
==2450933== 
==2450933== 156 bytes in 1 blocks are still reachable in loss record 24 of 67
==2450933==    at 0x484DCD3: realloc (in /usr/libexec/valgrind/vgpreload_memcheck-amd64-linux.so)
==2450933==    by 0x4B006CC: _nc_doalloc (in /usr/lib/x86_64-linux-gnu/libtinfo.so.6.3)
==2450933==    by 0x4B0B197: _nc_read_termtype (in /usr/lib/x86_64-linux-gnu/libtinfo.so.6.3)
==2450933==    by 0x4B0B52A: ??? (in /usr/lib/x86_64-linux-gnu/libtinfo.so.6.3)
==2450933==    by 0x4B0DC40: ??? (in /usr/lib/x86_64-linux-gnu/libtinfo.so.6.3)
==2450933==    by 0x4B0B6BB: _nc_read_entry2 (in /usr/lib/x86_64-linux-gnu/libtinfo.so.6.3)
==2450933==    by 0x4B0B711: ??? (in /usr/lib/x86_64-linux-gnu/libtinfo.so.6.3)
==2450933==    by 0x4B0B866: _nc_setupterm (in /usr/lib/x86_64-linux-gnu/libtinfo.so.6.3)
==2450933==    by 0x4B0C4C9: tgetent_sp (in /usr/lib/x86_64-linux-gnu/libtinfo.so.6.3)
==2450933==    by 0x48A81CD: _rl_init_terminal_io (in /usr/lib/x86_64-linux-gnu/libreadline.so.8.1)
==2450933==    by 0x4894A0F: rl_initialize (in /usr/lib/x86_64-linux-gnu/libreadline.so.8.1)
==2450933==    by 0x4894CD4: readline (in /usr/lib/x86_64-linux-gnu/libreadline.so.8.1)
==2450933== 
==2450933== 168 bytes in 1 blocks are still reachable in loss record 25 of 67
==2450933==    at 0x484DA83: calloc (in /usr/libexec/valgrind/vgpreload_memcheck-amd64-linux.so)
==2450933==    by 0x4B03CCD: ??? (in /usr/lib/x86_64-linux-gnu/libtinfo.so.6.3)
==2450933==    by 0x4B07098: _nc_tiparm (in /usr/lib/x86_64-linux-gnu/libtinfo.so.6.3)
==2450933==    by 0x4B0DC7D: ??? (in /usr/lib/x86_64-linux-gnu/libtinfo.so.6.3)
==2450933==    by 0x4B0DD09: _nc_trim_sgr0 (in /usr/lib/x86_64-linux-gnu/libtinfo.so.6.3)
==2450933==    by 0x4B0C6A8: tgetent_sp (in /usr/lib/x86_64-linux-gnu/libtinfo.so.6.3)
==2450933==    by 0x48A81CD: _rl_init_terminal_io (in /usr/lib/x86_64-linux-gnu/libreadline.so.8.1)
==2450933==    by 0x4894A0F: rl_initialize (in /usr/lib/x86_64-linux-gnu/libreadline.so.8.1)
==2450933==    by 0x4894CD4: readline (in /usr/lib/x86_64-linux-gnu/libreadline.so.8.1)
==2450933==    by 0x40677B: read_input_line (readline.c:99)
==2450933==    by 0x4015A9: main (minishell.c:94)
==2450933== 
==2450933== 256 bytes in 1 blocks are still reachable in loss record 26 of 67
==2450933==    at 0x4848899: malloc (in /usr/libexec/valgrind/vgpreload_memcheck-amd64-linux.so)
==2450933==    by 0x48ACBAC: xmalloc (in /usr/lib/x86_64-linux-gnu/libreadline.so.8.1)
==2450933==    by 0x4894C86: rl_initialize (in /usr/lib/x86_64-linux-gnu/libreadline.so.8.1)
==2450933==    by 0x4894CD4: readline (in /usr/lib/x86_64-linux-gnu/libreadline.so.8.1)
==2450933==    by 0x40677B: read_input_line (readline.c:99)
==2450933==    by 0x4015A9: main (minishell.c:94)
==2450933== 
==2450933== 608 bytes in 1 blocks are still reachable in loss record 27 of 67
==2450933==    at 0x484DA83: calloc (in /usr/libexec/valgrind/vgpreload_memcheck-amd64-linux.so)
==2450933==    by 0x4B0B37E: _nc_read_termtype (in /usr/lib/x86_64-linux-gnu/libtinfo.so.6.3)
==2450933==    by 0x4B0B52A: ??? (in /usr/lib/x86_64-linux-gnu/libtinfo.so.6.3)
==2450933==    by 0x4B0DC40: ??? (in /usr/lib/x86_64-linux-gnu/libtinfo.so.6.3)
==2450933==    by 0x4B0B6BB: _nc_read_entry2 (in /usr/lib/x86_64-linux-gnu/libtinfo.so.6.3)
==2450933==    by 0x4B0B711: ??? (in /usr/lib/x86_64-linux-gnu/libtinfo.so.6.3)
==2450933==    by 0x4B0B866: _nc_setupterm (in /usr/lib/x86_64-linux-gnu/libtinfo.so.6.3)
==2450933==    by 0x4B0C4C9: tgetent_sp (in /usr/lib/x86_64-linux-gnu/libtinfo.so.6.3)
==2450933==    by 0x48A81CD: _rl_init_terminal_io (in /usr/lib/x86_64-linux-gnu/libreadline.so.8.1)
==2450933==    by 0x4894A0F: rl_initialize (in /usr/lib/x86_64-linux-gnu/libreadline.so.8.1)
==2450933==    by 0x4894CD4: readline (in /usr/lib/x86_64-linux-gnu/libreadline.so.8.1)
==2450933==    by 0x40677B: read_input_line (readline.c:99)
==2450933== 
==2450933== 608 bytes in 1 blocks are still reachable in loss record 28 of 67
==2450933==    at 0x4848899: malloc (in /usr/libexec/valgrind/vgpreload_memcheck-amd64-linux.so)
==2450933==    by 0x4B00119: ??? (in /usr/lib/x86_64-linux-gnu/libtinfo.so.6.3)
==2450933==    by 0x4B0B87D: _nc_setupterm (in /usr/lib/x86_64-linux-gnu/libtinfo.so.6.3)
==2450933==    by 0x4B0C4C9: tgetent_sp (in /usr/lib/x86_64-linux-gnu/libtinfo.so.6.3)
==2450933==    by 0x48A81CD: _rl_init_terminal_io (in /usr/lib/x86_64-linux-gnu/libreadline.so.8.1)
==2450933==    by 0x4894A0F: rl_initialize (in /usr/lib/x86_64-linux-gnu/libreadline.so.8.1)
==2450933==    by 0x4894CD4: readline (in /usr/lib/x86_64-linux-gnu/libreadline.so.8.1)
==2450933==    by 0x40677B: read_input_line (readline.c:99)
==2450933==    by 0x4015A9: main (minishell.c:94)
==2450933== 
==2450933== 760 bytes in 1 blocks are still reachable in loss record 29 of 67
==2450933==    at 0x484DA83: calloc (in /usr/libexec/valgrind/vgpreload_memcheck-amd64-linux.so)
==2450933==    by 0x4B0B819: _nc_setupterm (in /usr/lib/x86_64-linux-gnu/libtinfo.so.6.3)
==2450933==    by 0x4B0C4C9: tgetent_sp (in /usr/lib/x86_64-linux-gnu/libtinfo.so.6.3)
==2450933==    by 0x48A81CD: _rl_init_terminal_io (in /usr/lib/x86_64-linux-gnu/libreadline.so.8.1)
==2450933==    by 0x4894A0F: rl_initialize (in /usr/lib/x86_64-linux-gnu/libreadline.so.8.1)
==2450933==    by 0x4894CD4: readline (in /usr/lib/x86_64-linux-gnu/libreadline.so.8.1)
==2450933==    by 0x40677B: read_input_line (readline.c:99)
==2450933==    by 0x4015A9: main (minishell.c:94)
==2450933== 
==2450933== 940 bytes in 1 blocks are still reachable in loss record 30 of 67
==2450933==    at 0x4848899: malloc (in /usr/libexec/valgrind/vgpreload_memcheck-amd64-linux.so)
==2450933==    by 0x4B0B287: _nc_read_termtype (in /usr/lib/x86_64-linux-gnu/libtinfo.so.6.3)
==2450933==    by 0x4B0B52A: ??? (in /usr/lib/x86_64-linux-gnu/libtinfo.so.6.3)
==2450933==    by 0x4B0DC40: ??? (in /usr/lib/x86_64-linux-gnu/libtinfo.so.6.3)
==2450933==    by 0x4B0B6BB: _nc_read_entry2 (in /usr/lib/x86_64-linux-gnu/libtinfo.so.6.3)
==2450933==    by 0x4B0B711: ??? (in /usr/lib/x86_64-linux-gnu/libtinfo.so.6.3)
==2450933==    by 0x4B0B866: _nc_setupterm (in /usr/lib/x86_64-linux-gnu/libtinfo.so.6.3)
==2450933==    by 0x4B0C4C9: tgetent_sp (in /usr/lib/x86_64-linux-gnu/libtinfo.so.6.3)
==2450933==    by 0x48A81CD: _rl_init_terminal_io (in /usr/lib/x86_64-linux-gnu/libreadline.so.8.1)
==2450933==    by 0x4894A0F: rl_initialize (in /usr/lib/x86_64-linux-gnu/libreadline.so.8.1)
==2450933==    by 0x4894CD4: readline (in /usr/lib/x86_64-linux-gnu/libreadline.so.8.1)
==2450933==    by 0x40677B: read_input_line (readline.c:99)
==2450933== 
==2450933== 1,024 bytes in 1 blocks are still reachable in loss record 31 of 67
==2450933==    at 0x4848899: malloc (in /usr/libexec/valgrind/vgpreload_memcheck-amd64-linux.so)
==2450933==    by 0x48AD4A7: xrealloc (in /usr/lib/x86_64-linux-gnu/libreadline.so.8.1)
==2450933==    by 0x4896C7B: ??? (in /usr/lib/x86_64-linux-gnu/libreadline.so.8.1)
==2450933==    by 0x4896D67: ??? (in /usr/lib/x86_64-linux-gnu/libreadline.so.8.1)
==2450933==    by 0x489FC7E: rl_redisplay (in /usr/lib/x86_64-linux-gnu/libreadline.so.8.1)
==2450933==    by 0x488A458: readline_internal_setup (in /usr/lib/x86_64-linux-gnu/libreadline.so.8.1)
==2450933==    by 0x4894CF8: readline (in /usr/lib/x86_64-linux-gnu/libreadline.so.8.1)
==2450933==    by 0x40677B: read_input_line (readline.c:99)
==2450933==    by 0x4015A9: main (minishell.c:94)
==2450933== 
==2450933== 1,024 bytes in 1 blocks are still reachable in loss record 32 of 67
==2450933==    at 0x4848899: malloc (in /usr/libexec/valgrind/vgpreload_memcheck-amd64-linux.so)
==2450933==    by 0x48AD4A7: xrealloc (in /usr/lib/x86_64-linux-gnu/libreadline.so.8.1)
==2450933==    by 0x4896C8B: ??? (in /usr/lib/x86_64-linux-gnu/libreadline.so.8.1)
==2450933==    by 0x4896D67: ??? (in /usr/lib/x86_64-linux-gnu/libreadline.so.8.1)
==2450933==    by 0x489FC7E: rl_redisplay (in /usr/lib/x86_64-linux-gnu/libreadline.so.8.1)
==2450933==    by 0x488A458: readline_internal_setup (in /usr/lib/x86_64-linux-gnu/libreadline.so.8.1)
==2450933==    by 0x4894CF8: readline (in /usr/lib/x86_64-linux-gnu/libreadline.so.8.1)
==2450933==    by 0x40677B: read_input_line (readline.c:99)
==2450933==    by 0x4015A9: main (minishell.c:94)
==2450933== 
==2450933== 1,024 bytes in 1 blocks are still reachable in loss record 33 of 67
==2450933==    at 0x4848899: malloc (in /usr/libexec/valgrind/vgpreload_memcheck-amd64-linux.so)
==2450933==    by 0x48AD4A7: xrealloc (in /usr/lib/x86_64-linux-gnu/libreadline.so.8.1)
==2450933==    by 0x4896CA2: ??? (in /usr/lib/x86_64-linux-gnu/libreadline.so.8.1)
==2450933==    by 0x4896D67: ??? (in /usr/lib/x86_64-linux-gnu/libreadline.so.8.1)
==2450933==    by 0x489FC7E: rl_redisplay (in /usr/lib/x86_64-linux-gnu/libreadline.so.8.1)
==2450933==    by 0x488A458: readline_internal_setup (in /usr/lib/x86_64-linux-gnu/libreadline.so.8.1)
==2450933==    by 0x4894CF8: readline (in /usr/lib/x86_64-linux-gnu/libreadline.so.8.1)
==2450933==    by 0x40677B: read_input_line (readline.c:99)
==2450933==    by 0x4015A9: main (minishell.c:94)
==2450933== 
==2450933== 1,024 bytes in 1 blocks are still reachable in loss record 34 of 67
==2450933==    at 0x4848899: malloc (in /usr/libexec/valgrind/vgpreload_memcheck-amd64-linux.so)
==2450933==    by 0x48AD4A7: xrealloc (in /usr/lib/x86_64-linux-gnu/libreadline.so.8.1)
==2450933==    by 0x4896CBB: ??? (in /usr/lib/x86_64-linux-gnu/libreadline.so.8.1)
==2450933==    by 0x4896D67: ??? (in /usr/lib/x86_64-linux-gnu/libreadline.so.8.1)
==2450933==    by 0x489FC7E: rl_redisplay (in /usr/lib/x86_64-linux-gnu/libreadline.so.8.1)
==2450933==    by 0x488A458: readline_internal_setup (in /usr/lib/x86_64-linux-gnu/libreadline.so.8.1)
==2450933==    by 0x4894CF8: readline (in /usr/lib/x86_64-linux-gnu/libreadline.so.8.1)
==2450933==    by 0x40677B: read_input_line (readline.c:99)
==2450933==    by 0x4015A9: main (minishell.c:94)
==2450933== 
==2450933== 1,024 bytes in 1 blocks are still reachable in loss record 35 of 67
==2450933==    at 0x4848899: malloc (in /usr/libexec/valgrind/vgpreload_memcheck-amd64-linux.so)
==2450933==    by 0x48ACBAC: xmalloc (in /usr/lib/x86_64-linux-gnu/libreadline.so.8.1)
==2450933==    by 0x4896DC5: ??? (in /usr/lib/x86_64-linux-gnu/libreadline.so.8.1)
==2450933==    by 0x489FC7E: rl_redisplay (in /usr/lib/x86_64-linux-gnu/libreadline.so.8.1)
==2450933==    by 0x488A458: readline_internal_setup (in /usr/lib/x86_64-linux-gnu/libreadline.so.8.1)
==2450933==    by 0x4894CF8: readline (in /usr/lib/x86_64-linux-gnu/libreadline.so.8.1)
==2450933==    by 0x40677B: read_input_line (readline.c:99)
==2450933==    by 0x4015A9: main (minishell.c:94)
==2450933== 
==2450933== 1,024 bytes in 1 blocks are still reachable in loss record 36 of 67
==2450933==    at 0x4848899: malloc (in /usr/libexec/valgrind/vgpreload_memcheck-amd64-linux.so)
==2450933==    by 0x48ACBAC: xmalloc (in /usr/lib/x86_64-linux-gnu/libreadline.so.8.1)
==2450933==    by 0x4896DDA: ??? (in /usr/lib/x86_64-linux-gnu/libreadline.so.8.1)
==2450933==    by 0x489FC7E: rl_redisplay (in /usr/lib/x86_64-linux-gnu/libreadline.so.8.1)
==2450933==    by 0x488A458: readline_internal_setup (in /usr/lib/x86_64-linux-gnu/libreadline.so.8.1)
==2450933==    by 0x4894CF8: readline (in /usr/lib/x86_64-linux-gnu/libreadline.so.8.1)
==2450933==    by 0x40677B: read_input_line (readline.c:99)
==2450933==    by 0x4015A9: main (minishell.c:94)
==2450933== 
==2450933== 1,024 bytes in 1 blocks are still reachable in loss record 37 of 67
==2450933==    at 0x4848899: malloc (in /usr/libexec/valgrind/vgpreload_memcheck-amd64-linux.so)
==2450933==    by 0x48ACBAC: xmalloc (in /usr/lib/x86_64-linux-gnu/libreadline.so.8.1)
==2450933==    by 0x4896DE8: ??? (in /usr/lib/x86_64-linux-gnu/libreadline.so.8.1)
==2450933==    by 0x489FC7E: rl_redisplay (in /usr/lib/x86_64-linux-gnu/libreadline.so.8.1)
==2450933==    by 0x488A458: readline_internal_setup (in /usr/lib/x86_64-linux-gnu/libreadline.so.8.1)
==2450933==    by 0x4894CF8: readline (in /usr/lib/x86_64-linux-gnu/libreadline.so.8.1)
==2450933==    by 0x40677B: read_input_line (readline.c:99)
==2450933==    by 0x4015A9: main (minishell.c:94)
==2450933== 
==2450933== 1,024 bytes in 1 blocks are still reachable in loss record 38 of 67
==2450933==    at 0x4848899: malloc (in /usr/libexec/valgrind/vgpreload_memcheck-amd64-linux.so)
==2450933==    by 0x48ACBAC: xmalloc (in /usr/lib/x86_64-linux-gnu/libreadline.so.8.1)
==2450933==    by 0x4896DF6: ??? (in /usr/lib/x86_64-linux-gnu/libreadline.so.8.1)
==2450933==    by 0x489FC7E: rl_redisplay (in /usr/lib/x86_64-linux-gnu/libreadline.so.8.1)
==2450933==    by 0x488A458: readline_internal_setup (in /usr/lib/x86_64-linux-gnu/libreadline.so.8.1)
==2450933==    by 0x4894CF8: readline (in /usr/lib/x86_64-linux-gnu/libreadline.so.8.1)
==2450933==    by 0x40677B: read_input_line (readline.c:99)
==2450933==    by 0x4015A9: main (minishell.c:94)
==2450933== 
==2450933== 1,536 bytes in 1 blocks are still reachable in loss record 39 of 67
==2450933==    at 0x484DCD3: realloc (in /usr/libexec/valgrind/vgpreload_memcheck-amd64-linux.so)
==2450933==    by 0x48AD491: xrealloc (in /usr/lib/x86_64-linux-gnu/libreadline.so.8.1)
==2450933==    by 0x488A877: rl_add_funmap_entry (in /usr/lib/x86_64-linux-gnu/libreadline.so.8.1)
==2450933==    by 0x488A8C8: rl_initialize_funmap (in /usr/lib/x86_64-linux-gnu/libreadline.so.8.1)
==2450933==    by 0x4894A2C: rl_initialize (in /usr/lib/x86_64-linux-gnu/libreadline.so.8.1)
==2450933==    by 0x4894CD4: readline (in /usr/lib/x86_64-linux-gnu/libreadline.so.8.1)
==2450933==    by 0x40677B: read_input_line (readline.c:99)
==2450933==    by 0x4015A9: main (minishell.c:94)
==2450933== 
==2450933== 1,664 bytes in 1 blocks are still reachable in loss record 40 of 67
==2450933==    at 0x4848899: malloc (in /usr/libexec/valgrind/vgpreload_memcheck-amd64-linux.so)
==2450933==    by 0x4B0AACD: _nc_read_termtype (in /usr/lib/x86_64-linux-gnu/libtinfo.so.6.3)
==2450933==    by 0x4B0B52A: ??? (in /usr/lib/x86_64-linux-gnu/libtinfo.so.6.3)
==2450933==    by 0x4B0DC40: ??? (in /usr/lib/x86_64-linux-gnu/libtinfo.so.6.3)
==2450933==    by 0x4B0B6BB: _nc_read_entry2 (in /usr/lib/x86_64-linux-gnu/libtinfo.so.6.3)
==2450933==    by 0x4B0B711: ??? (in /usr/lib/x86_64-linux-gnu/libtinfo.so.6.3)
==2450933==    by 0x4B0B866: _nc_setupterm (in /usr/lib/x86_64-linux-gnu/libtinfo.so.6.3)
==2450933==    by 0x4B0C4C9: tgetent_sp (in /usr/lib/x86_64-linux-gnu/libtinfo.so.6.3)
==2450933==    by 0x48A81CD: _rl_init_terminal_io (in /usr/lib/x86_64-linux-gnu/libreadline.so.8.1)
==2450933==    by 0x4894A0F: rl_initialize (in /usr/lib/x86_64-linux-gnu/libreadline.so.8.1)
==2450933==    by 0x4894CD4: readline (in /usr/lib/x86_64-linux-gnu/libreadline.so.8.1)
==2450933==    by 0x40677B: read_input_line (readline.c:99)
==2450933== 
==2450933== 2,032 bytes in 1 blocks are still reachable in loss record 41 of 67
==2450933==    at 0x4848899: malloc (in /usr/libexec/valgrind/vgpreload_memcheck-amd64-linux.so)
==2450933==    by 0x48ACBAC: xmalloc (in /usr/lib/x86_64-linux-gnu/libreadline.so.8.1)
==2450933==    by 0x48A8419: _rl_init_terminal_io (in /usr/lib/x86_64-linux-gnu/libreadline.so.8.1)
==2450933==    by 0x4894A0F: rl_initialize (in /usr/lib/x86_64-linux-gnu/libreadline.so.8.1)
==2450933==    by 0x4894CD4: readline (in /usr/lib/x86_64-linux-gnu/libreadline.so.8.1)
==2450933==    by 0x40677B: read_input_line (readline.c:99)
==2450933==    by 0x4015A9: main (minishell.c:94)
==2450933== 
==2450933== 2,240 bytes in 140 blocks are still reachable in loss record 42 of 67
==2450933==    at 0x4848899: malloc (in /usr/libexec/valgrind/vgpreload_memcheck-amd64-linux.so)
==2450933==    by 0x48ACBAC: xmalloc (in /usr/lib/x86_64-linux-gnu/libreadline.so.8.1)
==2450933==    by 0x488A822: rl_add_funmap_entry (in /usr/lib/x86_64-linux-gnu/libreadline.so.8.1)
==2450933==    by 0x488A8C8: rl_initialize_funmap (in /usr/lib/x86_64-linux-gnu/libreadline.so.8.1)
==2450933==    by 0x4894A2C: rl_initialize (in /usr/lib/x86_64-linux-gnu/libreadline.so.8.1)
==2450933==    by 0x4894CD4: readline (in /usr/lib/x86_64-linux-gnu/libreadline.so.8.1)
==2450933==    by 0x40677B: read_input_line (readline.c:99)
==2450933==    by 0x4015A9: main (minishell.c:94)
==2450933== 
==2450933== 3,904 bytes in 1 blocks are still reachable in loss record 43 of 67
==2450933==    at 0x484DCD3: realloc (in /usr/libexec/valgrind/vgpreload_memcheck-amd64-linux.so)
==2450933==    by 0x4B006CC: _nc_doalloc (in /usr/lib/x86_64-linux-gnu/libtinfo.so.6.3)
==2450933==    by 0x4B0B1B5: _nc_read_termtype (in /usr/lib/x86_64-linux-gnu/libtinfo.so.6.3)
==2450933==    by 0x4B0B52A: ??? (in /usr/lib/x86_64-linux-gnu/libtinfo.so.6.3)
==2450933==    by 0x4B0DC40: ??? (in /usr/lib/x86_64-linux-gnu/libtinfo.so.6.3)
==2450933==    by 0x4B0B6BB: _nc_read_entry2 (in /usr/lib/x86_64-linux-gnu/libtinfo.so.6.3)
==2450933==    by 0x4B0B711: ??? (in /usr/lib/x86_64-linux-gnu/libtinfo.so.6.3)
==2450933==    by 0x4B0B866: _nc_setupterm (in /usr/lib/x86_64-linux-gnu/libtinfo.so.6.3)
==2450933==    by 0x4B0C4C9: tgetent_sp (in /usr/lib/x86_64-linux-gnu/libtinfo.so.6.3)
==2450933==    by 0x48A81CD: _rl_init_terminal_io (in /usr/lib/x86_64-linux-gnu/libreadline.so.8.1)
==2450933==    by 0x4894A0F: rl_initialize (in /usr/lib/x86_64-linux-gnu/libreadline.so.8.1)
==2450933==    by 0x4894CD4: readline (in /usr/lib/x86_64-linux-gnu/libreadline.so.8.1)
==2450933== 
==2450933== 3,904 bytes in 1 blocks are still reachable in loss record 44 of 67
==2450933==    at 0x4848899: malloc (in /usr/libexec/valgrind/vgpreload_memcheck-amd64-linux.so)
==2450933==    by 0x4AFFFFF: ??? (in /usr/lib/x86_64-linux-gnu/libtinfo.so.6.3)
==2450933==    by 0x4B0B87D: _nc_setupterm (in /usr/lib/x86_64-linux-gnu/libtinfo.so.6.3)
==2450933==    by 0x4B0C4C9: tgetent_sp (in /usr/lib/x86_64-linux-gnu/libtinfo.so.6.3)
==2450933==    by 0x48A81CD: _rl_init_terminal_io (in /usr/lib/x86_64-linux-gnu/libreadline.so.8.1)
==2450933==    by 0x4894A0F: rl_initialize (in /usr/lib/x86_64-linux-gnu/libreadline.so.8.1)
==2450933==    by 0x4894CD4: readline (in /usr/lib/x86_64-linux-gnu/libreadline.so.8.1)
==2450933==    by 0x40677B: read_input_line (readline.c:99)
==2450933==    by 0x4015A9: main (minishell.c:94)
==2450933== 
==2450933== 4,016 bytes in 1 blocks are still reachable in loss record 45 of 67
==2450933==    at 0x4848899: malloc (in /usr/libexec/valgrind/vgpreload_memcheck-amd64-linux.so)
==2450933==    by 0x48ACBAC: xmalloc (in /usr/lib/x86_64-linux-gnu/libreadline.so.8.1)
==2450933==    by 0x48A5FD6: add_history (in /usr/lib/x86_64-linux-gnu/libreadline.so.8.1)
==2450933==    by 0x4067F5: read_input_line (readline.c:104)
==2450933==    by 0x4015A9: main (minishell.c:94)
==2450933== 
==2450933== 4,080 bytes in 1 blocks are still reachable in loss record 46 of 67
==2450933==    at 0x4848899: malloc (in /usr/libexec/valgrind/vgpreload_memcheck-amd64-linux.so)
==2450933==    by 0x48ACBAC: xmalloc (in /usr/lib/x86_64-linux-gnu/libreadline.so.8.1)
==2450933==    by 0x48A83F9: _rl_init_terminal_io (in /usr/lib/x86_64-linux-gnu/libreadline.so.8.1)
==2450933==    by 0x4894A0F: rl_initialize (in /usr/lib/x86_64-linux-gnu/libreadline.so.8.1)
==2450933==    by 0x4894CD4: readline (in /usr/lib/x86_64-linux-gnu/libreadline.so.8.1)
==2450933==    by 0x40677B: read_input_line (readline.c:99)
==2450933==    by 0x4015A9: main (minishell.c:94)
==2450933== 
==2450933== 4,112 bytes in 1 blocks are still reachable in loss record 47 of 67
==2450933==    at 0x4848899: malloc (in /usr/libexec/valgrind/vgpreload_memcheck-amd64-linux.so)
==2450933==    by 0x48ACBAC: xmalloc (in /usr/lib/x86_64-linux-gnu/libreadline.so.8.1)
==2450933==    by 0x4889251: rl_make_bare_keymap (in /usr/lib/x86_64-linux-gnu/libreadline.so.8.1)
==2450933==    by 0x4889B6A: rl_generic_bind (in /usr/lib/x86_64-linux-gnu/libreadline.so.8.1)
==2450933==    by 0x489475D: rl_bind_keyseq_if_unbound_in_map (in /usr/lib/x86_64-linux-gnu/libreadline.so.8.1)
==2450933==    by 0x48A7DD5: ??? (in /usr/lib/x86_64-linux-gnu/libreadline.so.8.1)
==2450933==    by 0x48A831F: _rl_init_terminal_io (in /usr/lib/x86_64-linux-gnu/libreadline.so.8.1)
==2450933==    by 0x4894A0F: rl_initialize (in /usr/lib/x86_64-linux-gnu/libreadline.so.8.1)
==2450933==    by 0x4894CD4: readline (in /usr/lib/x86_64-linux-gnu/libreadline.so.8.1)
==2450933==    by 0x40677B: read_input_line (readline.c:99)
==2450933==    by 0x4015A9: main (minishell.c:94)
==2450933== 
==2450933== 4,112 bytes in 1 blocks are still reachable in loss record 48 of 67
==2450933==    at 0x4848899: malloc (in /usr/libexec/valgrind/vgpreload_memcheck-amd64-linux.so)
==2450933==    by 0x48ACBAC: xmalloc (in /usr/lib/x86_64-linux-gnu/libreadline.so.8.1)
==2450933==    by 0x4889251: rl_make_bare_keymap (in /usr/lib/x86_64-linux-gnu/libreadline.so.8.1)
==2450933==    by 0x4889B6A: rl_generic_bind (in /usr/lib/x86_64-linux-gnu/libreadline.so.8.1)
==2450933==    by 0x489475D: rl_bind_keyseq_if_unbound_in_map (in /usr/lib/x86_64-linux-gnu/libreadline.so.8.1)
==2450933==    by 0x48A7E5A: ??? (in /usr/lib/x86_64-linux-gnu/libreadline.so.8.1)
==2450933==    by 0x48A831F: _rl_init_terminal_io (in /usr/lib/x86_64-linux-gnu/libreadline.so.8.1)
==2450933==    by 0x4894A0F: rl_initialize (in /usr/lib/x86_64-linux-gnu/libreadline.so.8.1)
==2450933==    by 0x4894CD4: readline (in /usr/lib/x86_64-linux-gnu/libreadline.so.8.1)
==2450933==    by 0x40677B: read_input_line (readline.c:99)
==2450933==    by 0x4015A9: main (minishell.c:94)
==2450933== 
==2450933== 4,112 bytes in 1 blocks are still reachable in loss record 49 of 67
==2450933==    at 0x4848899: malloc (in /usr/libexec/valgrind/vgpreload_memcheck-amd64-linux.so)
==2450933==    by 0x48ACBAC: xmalloc (in /usr/lib/x86_64-linux-gnu/libreadline.so.8.1)
==2450933==    by 0x4889251: rl_make_bare_keymap (in /usr/lib/x86_64-linux-gnu/libreadline.so.8.1)
==2450933==    by 0x4889B6A: rl_generic_bind (in /usr/lib/x86_64-linux-gnu/libreadline.so.8.1)
==2450933==    by 0x489475D: rl_bind_keyseq_if_unbound_in_map (in /usr/lib/x86_64-linux-gnu/libreadline.so.8.1)
==2450933==    by 0x48A7E5A: ??? (in /usr/lib/x86_64-linux-gnu/libreadline.so.8.1)
==2450933==    by 0x48A832B: _rl_init_terminal_io (in /usr/lib/x86_64-linux-gnu/libreadline.so.8.1)
==2450933==    by 0x4894A0F: rl_initialize (in /usr/lib/x86_64-linux-gnu/libreadline.so.8.1)
==2450933==    by 0x4894CD4: readline (in /usr/lib/x86_64-linux-gnu/libreadline.so.8.1)
==2450933==    by 0x40677B: read_input_line (readline.c:99)
==2450933==    by 0x4015A9: main (minishell.c:94)
==2450933== 
==2450933== 4,112 bytes in 1 blocks are still reachable in loss record 50 of 67
==2450933==    at 0x4848899: malloc (in /usr/libexec/valgrind/vgpreload_memcheck-amd64-linux.so)
==2450933==    by 0x48ACBAC: xmalloc (in /usr/lib/x86_64-linux-gnu/libreadline.so.8.1)
==2450933==    by 0x4889251: rl_make_bare_keymap (in /usr/lib/x86_64-linux-gnu/libreadline.so.8.1)
==2450933==    by 0x4889B6A: rl_generic_bind (in /usr/lib/x86_64-linux-gnu/libreadline.so.8.1)
==2450933==    by 0x489475D: rl_bind_keyseq_if_unbound_in_map (in /usr/lib/x86_64-linux-gnu/libreadline.so.8.1)
==2450933==    by 0x48A7E5A: ??? (in /usr/lib/x86_64-linux-gnu/libreadline.so.8.1)
==2450933==    by 0x48A8337: _rl_init_terminal_io (in /usr/lib/x86_64-linux-gnu/libreadline.so.8.1)
==2450933==    by 0x4894A0F: rl_initialize (in /usr/lib/x86_64-linux-gnu/libreadline.so.8.1)
==2450933==    by 0x4894CD4: readline (in /usr/lib/x86_64-linux-gnu/libreadline.so.8.1)
==2450933==    by 0x40677B: read_input_line (readline.c:99)
==2450933==    by 0x4015A9: main (minishell.c:94)
==2450933== 
==2450933== 4,112 bytes in 1 blocks are still reachable in loss record 51 of 67
==2450933==    at 0x4848899: malloc (in /usr/libexec/valgrind/vgpreload_memcheck-amd64-linux.so)
==2450933==    by 0x48ACBAC: xmalloc (in /usr/lib/x86_64-linux-gnu/libreadline.so.8.1)
==2450933==    by 0x4889251: rl_make_bare_keymap (in /usr/lib/x86_64-linux-gnu/libreadline.so.8.1)
==2450933==    by 0x4889B6A: rl_generic_bind (in /usr/lib/x86_64-linux-gnu/libreadline.so.8.1)
==2450933==    by 0x489475D: rl_bind_keyseq_if_unbound_in_map (in /usr/lib/x86_64-linux-gnu/libreadline.so.8.1)
==2450933==    by 0x489494C: ??? (in /usr/lib/x86_64-linux-gnu/libreadline.so.8.1)
==2450933==    by 0x4894A84: rl_initialize (in /usr/lib/x86_64-linux-gnu/libreadline.so.8.1)
==2450933==    by 0x4894CD4: readline (in /usr/lib/x86_64-linux-gnu/libreadline.so.8.1)
==2450933==    by 0x40677B: read_input_line (readline.c:99)
==2450933==    by 0x4015A9: main (minishell.c:94)
==2450933== 
==2450933== 4,112 bytes in 1 blocks are still reachable in loss record 52 of 67
==2450933==    at 0x4848899: malloc (in /usr/libexec/valgrind/vgpreload_memcheck-amd64-linux.so)
==2450933==    by 0x48ACBAC: xmalloc (in /usr/lib/x86_64-linux-gnu/libreadline.so.8.1)
==2450933==    by 0x4889251: rl_make_bare_keymap (in /usr/lib/x86_64-linux-gnu/libreadline.so.8.1)
==2450933==    by 0x4889B6A: rl_generic_bind (in /usr/lib/x86_64-linux-gnu/libreadline.so.8.1)
==2450933==    by 0x489475D: rl_bind_keyseq_if_unbound_in_map (in /usr/lib/x86_64-linux-gnu/libreadline.so.8.1)
==2450933==    by 0x489494C: ??? (in /usr/lib/x86_64-linux-gnu/libreadline.so.8.1)
==2450933==    by 0x4894A93: rl_initialize (in /usr/lib/x86_64-linux-gnu/libreadline.so.8.1)
==2450933==    by 0x4894CD4: readline (in /usr/lib/x86_64-linux-gnu/libreadline.so.8.1)
==2450933==    by 0x40677B: read_input_line (readline.c:99)
==2450933==    by 0x4015A9: main (minishell.c:94)
==2450933== 
==2450933== 4,112 bytes in 1 blocks are still reachable in loss record 53 of 67
==2450933==    at 0x4848899: malloc (in /usr/libexec/valgrind/vgpreload_memcheck-amd64-linux.so)
==2450933==    by 0x48ACBAC: xmalloc (in /usr/lib/x86_64-linux-gnu/libreadline.so.8.1)
==2450933==    by 0x4889251: rl_make_bare_keymap (in /usr/lib/x86_64-linux-gnu/libreadline.so.8.1)
==2450933==    by 0x4889B6A: rl_generic_bind (in /usr/lib/x86_64-linux-gnu/libreadline.so.8.1)
==2450933==    by 0x489475D: rl_bind_keyseq_if_unbound_in_map (in /usr/lib/x86_64-linux-gnu/libreadline.so.8.1)
==2450933==    by 0x489494C: ??? (in /usr/lib/x86_64-linux-gnu/libreadline.so.8.1)
==2450933==    by 0x4894AB8: rl_initialize (in /usr/lib/x86_64-linux-gnu/libreadline.so.8.1)
==2450933==    by 0x4894CD4: readline (in /usr/lib/x86_64-linux-gnu/libreadline.so.8.1)
==2450933==    by 0x40677B: read_input_line (readline.c:99)
==2450933==    by 0x4015A9: main (minishell.c:94)
==2450933== 
==2450933== 7,952 bytes in 1 blocks are still reachable in loss record 54 of 67
==2450933==    at 0x484DA83: calloc (in /usr/libexec/valgrind/vgpreload_memcheck-amd64-linux.so)
==2450933==    by 0x4AFEC97: ??? (in /usr/lib/x86_64-linux-gnu/libtinfo.so.6.3)
==2450933==    by 0x4B003AF: _nc_find_type_entry (in /usr/lib/x86_64-linux-gnu/libtinfo.so.6.3)
==2450933==    by 0x4B02E4C: tgetstr_sp (in /usr/lib/x86_64-linux-gnu/libtinfo.so.6.3)
==2450933==    by 0x48A821A: _rl_init_terminal_io (in /usr/lib/x86_64-linux-gnu/libreadline.so.8.1)
==2450933==    by 0x4894A0F: rl_initialize (in /usr/lib/x86_64-linux-gnu/libreadline.so.8.1)
==2450933==    by 0x4894CD4: readline (in /usr/lib/x86_64-linux-gnu/libreadline.so.8.1)
==2450933==    by 0x40677B: read_input_line (readline.c:99)
==2450933==    by 0x4015A9: main (minishell.c:94)
==2450933== 
==2450933== 8,224 bytes in 2 blocks are still reachable in loss record 55 of 67
==2450933==    at 0x4848899: malloc (in /usr/libexec/valgrind/vgpreload_memcheck-amd64-linux.so)
==2450933==    by 0x48ACBAC: xmalloc (in /usr/lib/x86_64-linux-gnu/libreadline.so.8.1)
==2450933==    by 0x4889251: rl_make_bare_keymap (in /usr/lib/x86_64-linux-gnu/libreadline.so.8.1)
==2450933==    by 0x4889B6A: rl_generic_bind (in /usr/lib/x86_64-linux-gnu/libreadline.so.8.1)
==2450933==    by 0x489475D: rl_bind_keyseq_if_unbound_in_map (in /usr/lib/x86_64-linux-gnu/libreadline.so.8.1)
==2450933==    by 0x48A7E47: ??? (in /usr/lib/x86_64-linux-gnu/libreadline.so.8.1)
==2450933==    by 0x48A831F: _rl_init_terminal_io (in /usr/lib/x86_64-linux-gnu/libreadline.so.8.1)
==2450933==    by 0x4894A0F: rl_initialize (in /usr/lib/x86_64-linux-gnu/libreadline.so.8.1)
==2450933==    by 0x4894CD4: readline (in /usr/lib/x86_64-linux-gnu/libreadline.so.8.1)
==2450933==    by 0x40677B: read_input_line (readline.c:99)
==2450933==    by 0x4015A9: main (minishell.c:94)
==2450933== 
==2450933== 8,224 bytes in 2 blocks are still reachable in loss record 56 of 67
==2450933==    at 0x4848899: malloc (in /usr/libexec/valgrind/vgpreload_memcheck-amd64-linux.so)
==2450933==    by 0x48ACBAC: xmalloc (in /usr/lib/x86_64-linux-gnu/libreadline.so.8.1)
==2450933==    by 0x4889251: rl_make_bare_keymap (in /usr/lib/x86_64-linux-gnu/libreadline.so.8.1)
==2450933==    by 0x4889B6A: rl_generic_bind (in /usr/lib/x86_64-linux-gnu/libreadline.so.8.1)
==2450933==    by 0x489475D: rl_bind_keyseq_if_unbound_in_map (in /usr/lib/x86_64-linux-gnu/libreadline.so.8.1)
==2450933==    by 0x48A7DD5: ??? (in /usr/lib/x86_64-linux-gnu/libreadline.so.8.1)
==2450933==    by 0x48A832B: _rl_init_terminal_io (in /usr/lib/x86_64-linux-gnu/libreadline.so.8.1)
==2450933==    by 0x4894A0F: rl_initialize (in /usr/lib/x86_64-linux-gnu/libreadline.so.8.1)
==2450933==    by 0x4894CD4: readline (in /usr/lib/x86_64-linux-gnu/libreadline.so.8.1)
==2450933==    by 0x40677B: read_input_line (readline.c:99)
==2450933==    by 0x4015A9: main (minishell.c:94)
==2450933== 
==2450933== 8,224 bytes in 2 blocks are still reachable in loss record 57 of 67
==2450933==    at 0x4848899: malloc (in /usr/libexec/valgrind/vgpreload_memcheck-amd64-linux.so)
==2450933==    by 0x48ACBAC: xmalloc (in /usr/lib/x86_64-linux-gnu/libreadline.so.8.1)
==2450933==    by 0x4889251: rl_make_bare_keymap (in /usr/lib/x86_64-linux-gnu/libreadline.so.8.1)
==2450933==    by 0x4889B6A: rl_generic_bind (in /usr/lib/x86_64-linux-gnu/libreadline.so.8.1)
==2450933==    by 0x489475D: rl_bind_keyseq_if_unbound_in_map (in /usr/lib/x86_64-linux-gnu/libreadline.so.8.1)
==2450933==    by 0x48A7E47: ??? (in /usr/lib/x86_64-linux-gnu/libreadline.so.8.1)
==2450933==    by 0x48A832B: _rl_init_terminal_io (in /usr/lib/x86_64-linux-gnu/libreadline.so.8.1)
==2450933==    by 0x4894A0F: rl_initialize (in /usr/lib/x86_64-linux-gnu/libreadline.so.8.1)
==2450933==    by 0x4894CD4: readline (in /usr/lib/x86_64-linux-gnu/libreadline.so.8.1)
==2450933==    by 0x40677B: read_input_line (readline.c:99)
==2450933==    by 0x4015A9: main (minishell.c:94)
==2450933== 
==2450933== 8,224 bytes in 2 blocks are still reachable in loss record 58 of 67
==2450933==    at 0x4848899: malloc (in /usr/libexec/valgrind/vgpreload_memcheck-amd64-linux.so)
==2450933==    by 0x48ACBAC: xmalloc (in /usr/lib/x86_64-linux-gnu/libreadline.so.8.1)
==2450933==    by 0x4889251: rl_make_bare_keymap (in /usr/lib/x86_64-linux-gnu/libreadline.so.8.1)
==2450933==    by 0x4889B6A: rl_generic_bind (in /usr/lib/x86_64-linux-gnu/libreadline.so.8.1)
==2450933==    by 0x489475D: rl_bind_keyseq_if_unbound_in_map (in /usr/lib/x86_64-linux-gnu/libreadline.so.8.1)
==2450933==    by 0x48A7DD5: ??? (in /usr/lib/x86_64-linux-gnu/libreadline.so.8.1)
==2450933==    by 0x48A8337: _rl_init_terminal_io (in /usr/lib/x86_64-linux-gnu/libreadline.so.8.1)
==2450933==    by 0x4894A0F: rl_initialize (in /usr/lib/x86_64-linux-gnu/libreadline.so.8.1)
==2450933==    by 0x4894CD4: readline (in /usr/lib/x86_64-linux-gnu/libreadline.so.8.1)
==2450933==    by 0x40677B: read_input_line (readline.c:99)
==2450933==    by 0x4015A9: main (minishell.c:94)
==2450933== 
==2450933== 8,224 bytes in 2 blocks are still reachable in loss record 59 of 67
==2450933==    at 0x4848899: malloc (in /usr/libexec/valgrind/vgpreload_memcheck-amd64-linux.so)
==2450933==    by 0x48ACBAC: xmalloc (in /usr/lib/x86_64-linux-gnu/libreadline.so.8.1)
==2450933==    by 0x4889251: rl_make_bare_keymap (in /usr/lib/x86_64-linux-gnu/libreadline.so.8.1)
==2450933==    by 0x4889B6A: rl_generic_bind (in /usr/lib/x86_64-linux-gnu/libreadline.so.8.1)
==2450933==    by 0x489475D: rl_bind_keyseq_if_unbound_in_map (in /usr/lib/x86_64-linux-gnu/libreadline.so.8.1)
==2450933==    by 0x48A7E47: ??? (in /usr/lib/x86_64-linux-gnu/libreadline.so.8.1)
==2450933==    by 0x48A8337: _rl_init_terminal_io (in /usr/lib/x86_64-linux-gnu/libreadline.so.8.1)
==2450933==    by 0x4894A0F: rl_initialize (in /usr/lib/x86_64-linux-gnu/libreadline.so.8.1)
==2450933==    by 0x4894CD4: readline (in /usr/lib/x86_64-linux-gnu/libreadline.so.8.1)
==2450933==    by 0x40677B: read_input_line (readline.c:99)
==2450933==    by 0x4015A9: main (minishell.c:94)
==2450933== 
==2450933== 8,224 bytes in 2 blocks are still reachable in loss record 60 of 67
==2450933==    at 0x4848899: malloc (in /usr/libexec/valgrind/vgpreload_memcheck-amd64-linux.so)
==2450933==    by 0x48ACBAC: xmalloc (in /usr/lib/x86_64-linux-gnu/libreadline.so.8.1)
==2450933==    by 0x4889251: rl_make_bare_keymap (in /usr/lib/x86_64-linux-gnu/libreadline.so.8.1)
==2450933==    by 0x4889B6A: rl_generic_bind (in /usr/lib/x86_64-linux-gnu/libreadline.so.8.1)
==2450933==    by 0x489475D: rl_bind_keyseq_if_unbound_in_map (in /usr/lib/x86_64-linux-gnu/libreadline.so.8.1)
==2450933==    by 0x489493D: ??? (in /usr/lib/x86_64-linux-gnu/libreadline.so.8.1)
==2450933==    by 0x4894A84: rl_initialize (in /usr/lib/x86_64-linux-gnu/libreadline.so.8.1)
==2450933==    by 0x4894CD4: readline (in /usr/lib/x86_64-linux-gnu/libreadline.so.8.1)
==2450933==    by 0x40677B: read_input_line (readline.c:99)
==2450933==    by 0x4015A9: main (minishell.c:94)
==2450933== 
==2450933== 8,224 bytes in 2 blocks are still reachable in loss record 61 of 67
==2450933==    at 0x4848899: malloc (in /usr/libexec/valgrind/vgpreload_memcheck-amd64-linux.so)
==2450933==    by 0x48ACBAC: xmalloc (in /usr/lib/x86_64-linux-gnu/libreadline.so.8.1)
==2450933==    by 0x4889251: rl_make_bare_keymap (in /usr/lib/x86_64-linux-gnu/libreadline.so.8.1)
==2450933==    by 0x4889B6A: rl_generic_bind (in /usr/lib/x86_64-linux-gnu/libreadline.so.8.1)
==2450933==    by 0x489475D: rl_bind_keyseq_if_unbound_in_map (in /usr/lib/x86_64-linux-gnu/libreadline.so.8.1)
==2450933==    by 0x489493D: ??? (in /usr/lib/x86_64-linux-gnu/libreadline.so.8.1)
==2450933==    by 0x4894A93: rl_initialize (in /usr/lib/x86_64-linux-gnu/libreadline.so.8.1)
==2450933==    by 0x4894CD4: readline (in /usr/lib/x86_64-linux-gnu/libreadline.so.8.1)
==2450933==    by 0x40677B: read_input_line (readline.c:99)
==2450933==    by 0x4015A9: main (minishell.c:94)
==2450933== 
==2450933== 8,224 bytes in 2 blocks are still reachable in loss record 62 of 67
==2450933==    at 0x4848899: malloc (in /usr/libexec/valgrind/vgpreload_memcheck-amd64-linux.so)
==2450933==    by 0x48ACBAC: xmalloc (in /usr/lib/x86_64-linux-gnu/libreadline.so.8.1)
==2450933==    by 0x4889251: rl_make_bare_keymap (in /usr/lib/x86_64-linux-gnu/libreadline.so.8.1)
==2450933==    by 0x4889B6A: rl_generic_bind (in /usr/lib/x86_64-linux-gnu/libreadline.so.8.1)
==2450933==    by 0x489475D: rl_bind_keyseq_if_unbound_in_map (in /usr/lib/x86_64-linux-gnu/libreadline.so.8.1)
==2450933==    by 0x489493D: ??? (in /usr/lib/x86_64-linux-gnu/libreadline.so.8.1)
==2450933==    by 0x4894AB8: rl_initialize (in /usr/lib/x86_64-linux-gnu/libreadline.so.8.1)
==2450933==    by 0x4894CD4: readline (in /usr/lib/x86_64-linux-gnu/libreadline.so.8.1)
==2450933==    by 0x40677B: read_input_line (readline.c:99)
==2450933==    by 0x4015A9: main (minishell.c:94)
==2450933== 
==2450933== 8,224 bytes in 2 blocks are still reachable in loss record 63 of 67
==2450933==    at 0x4848899: malloc (in /usr/libexec/valgrind/vgpreload_memcheck-amd64-linux.so)
==2450933==    by 0x48ACBAC: xmalloc (in /usr/lib/x86_64-linux-gnu/libreadline.so.8.1)
==2450933==    by 0x4889251: rl_make_bare_keymap (in /usr/lib/x86_64-linux-gnu/libreadline.so.8.1)
==2450933==    by 0x4889B6A: rl_generic_bind (in /usr/lib/x86_64-linux-gnu/libreadline.so.8.1)
==2450933==    by 0x489475D: rl_bind_keyseq_if_unbound_in_map (in /usr/lib/x86_64-linux-gnu/libreadline.so.8.1)
==2450933==    by 0x4894AD2: rl_initialize (in /usr/lib/x86_64-linux-gnu/libreadline.so.8.1)
==2450933==    by 0x4894CD4: readline (in /usr/lib/x86_64-linux-gnu/libreadline.so.8.1)
==2450933==    by 0x40677B: read_input_line (readline.c:99)
==2450933==    by 0x4015A9: main (minishell.c:94)
==2450933== 
==2450933== 8,224 bytes in 2 blocks are still reachable in loss record 64 of 67
==2450933==    at 0x4848899: malloc (in /usr/libexec/valgrind/vgpreload_memcheck-amd64-linux.so)
==2450933==    by 0x48ACBAC: xmalloc (in /usr/lib/x86_64-linux-gnu/libreadline.so.8.1)
==2450933==    by 0x4889251: rl_make_bare_keymap (in /usr/lib/x86_64-linux-gnu/libreadline.so.8.1)
==2450933==    by 0x4889B6A: rl_generic_bind (in /usr/lib/x86_64-linux-gnu/libreadline.so.8.1)
==2450933==    by 0x489475D: rl_bind_keyseq_if_unbound_in_map (in /usr/lib/x86_64-linux-gnu/libreadline.so.8.1)
==2450933==    by 0x4894AE1: rl_initialize (in /usr/lib/x86_64-linux-gnu/libreadline.so.8.1)
==2450933==    by 0x4894CD4: readline (in /usr/lib/x86_64-linux-gnu/libreadline.so.8.1)
==2450933==    by 0x40677B: read_input_line (readline.c:99)
==2450933==    by 0x4015A9: main (minishell.c:94)
==2450933== 
==2450933== 12,336 bytes in 3 blocks are still reachable in loss record 65 of 67
==2450933==    at 0x4848899: malloc (in /usr/libexec/valgrind/vgpreload_memcheck-amd64-linux.so)
==2450933==    by 0x48ACBAC: xmalloc (in /usr/lib/x86_64-linux-gnu/libreadline.so.8.1)
==2450933==    by 0x4889251: rl_make_bare_keymap (in /usr/lib/x86_64-linux-gnu/libreadline.so.8.1)
==2450933==    by 0x4889B6A: rl_generic_bind (in /usr/lib/x86_64-linux-gnu/libreadline.so.8.1)
==2450933==    by 0x489475D: rl_bind_keyseq_if_unbound_in_map (in /usr/lib/x86_64-linux-gnu/libreadline.so.8.1)
==2450933==    by 0x4894914: ??? (in /usr/lib/x86_64-linux-gnu/libreadline.so.8.1)
==2450933==    by 0x4894A93: rl_initialize (in /usr/lib/x86_64-linux-gnu/libreadline.so.8.1)
==2450933==    by 0x4894CD4: readline (in /usr/lib/x86_64-linux-gnu/libreadline.so.8.1)
==2450933==    by 0x40677B: read_input_line (readline.c:99)
==2450933==    by 0x4015A9: main (minishell.c:94)
==2450933== 
==2450933== 12,336 bytes in 3 blocks are still reachable in loss record 66 of 67
==2450933==    at 0x4848899: malloc (in /usr/libexec/valgrind/vgpreload_memcheck-amd64-linux.so)
==2450933==    by 0x48ACBAC: xmalloc (in /usr/lib/x86_64-linux-gnu/libreadline.so.8.1)
==2450933==    by 0x4889251: rl_make_bare_keymap (in /usr/lib/x86_64-linux-gnu/libreadline.so.8.1)
==2450933==    by 0x4889B6A: rl_generic_bind (in /usr/lib/x86_64-linux-gnu/libreadline.so.8.1)
==2450933==    by 0x489475D: rl_bind_keyseq_if_unbound_in_map (in /usr/lib/x86_64-linux-gnu/libreadline.so.8.1)
==2450933==    by 0x4894914: ??? (in /usr/lib/x86_64-linux-gnu/libreadline.so.8.1)
==2450933==    by 0x4894AB8: rl_initialize (in /usr/lib/x86_64-linux-gnu/libreadline.so.8.1)
==2450933==    by 0x4894CD4: readline (in /usr/lib/x86_64-linux-gnu/libreadline.so.8.1)
==2450933==    by 0x40677B: read_input_line (readline.c:99)
==2450933==    by 0x4015A9: main (minishell.c:94)
==2450933== 
==2450933== 28,784 bytes in 7 blocks are still reachable in loss record 67 of 67
==2450933==    at 0x4848899: malloc (in /usr/libexec/valgrind/vgpreload_memcheck-amd64-linux.so)
==2450933==    by 0x48ACBAC: xmalloc (in /usr/lib/x86_64-linux-gnu/libreadline.so.8.1)
==2450933==    by 0x4889251: rl_make_bare_keymap (in /usr/lib/x86_64-linux-gnu/libreadline.so.8.1)
==2450933==    by 0x4889B6A: rl_generic_bind (in /usr/lib/x86_64-linux-gnu/libreadline.so.8.1)
==2450933==    by 0x489A99E: rl_parse_and_bind (in /usr/lib/x86_64-linux-gnu/libreadline.so.8.1)
==2450933==    by 0x489AB6C: ??? (in /usr/lib/x86_64-linux-gnu/libreadline.so.8.1)
==2450933==    by 0x4894A38: rl_initialize (in /usr/lib/x86_64-linux-gnu/libreadline.so.8.1)
==2450933==    by 0x4894CD4: readline (in /usr/lib/x86_64-linux-gnu/libreadline.so.8.1)
==2450933==    by 0x40677B: read_input_line (readline.c:99)
==2450933==    by 0x4015A9: main (minishell.c:94)
==2450933== 
==2450933== LEAK SUMMARY:
==2450933==    definitely lost: 0 bytes in 0 blocks
==2450933==    indirectly lost: 0 bytes in 0 blocks
==2450933==      possibly lost: 0 bytes in 0 blocks
==2450933==    still reachable: 208,263 bytes in 226 blocks
==2450933==         suppressed: 0 bytes in 0 blocks
==2450933== 
==2450933== For lists of detected and suppressed errors, rerun with: -s
==2450933== ERROR SUMMARY: 0 errors from 0 contexts (suppressed: 0 from 0)
==2450932== 
==2450932== HEAP SUMMARY:
==2450932==     in use at exit: 208,211 bytes in 222 blocks
==2450932==   total heap usage: 591 allocs, 369 frees, 232,370 bytes allocated
==2450932== 
==2450932== 8 bytes in 1 blocks are still reachable in loss record 1 of 63
==2450932==    at 0x4848899: malloc (in /usr/libexec/valgrind/vgpreload_memcheck-amd64-linux.so)
==2450932==    by 0x496F58E: strdup (strdup.c:42)
==2450932==    by 0x4B0DD17: _nc_trim_sgr0 (in /usr/lib/x86_64-linux-gnu/libtinfo.so.6.3)
==2450932==    by 0x4B0C6A8: tgetent_sp (in /usr/lib/x86_64-linux-gnu/libtinfo.so.6.3)
==2450932==    by 0x48A81CD: _rl_init_terminal_io (in /usr/lib/x86_64-linux-gnu/libreadline.so.8.1)
==2450932==    by 0x4894A0F: rl_initialize (in /usr/lib/x86_64-linux-gnu/libreadline.so.8.1)
==2450932==    by 0x4894CD4: readline (in /usr/lib/x86_64-linux-gnu/libreadline.so.8.1)
==2450932==    by 0x40677B: read_input_line (readline.c:99)
==2450932==    by 0x4015A9: main (minishell.c:94)
==2450932== 
==2450932== 8 bytes in 1 blocks are still reachable in loss record 2 of 63
==2450932==    at 0x484DCD3: realloc (in /usr/libexec/valgrind/vgpreload_memcheck-amd64-linux.so)
==2450932==    by 0x48AD491: xrealloc (in /usr/lib/x86_64-linux-gnu/libreadline.so.8.1)
==2450932==    by 0x4899626: ??? (in /usr/lib/x86_64-linux-gnu/libreadline.so.8.1)
==2450932==    by 0x4899E0D: rl_expand_prompt (in /usr/lib/x86_64-linux-gnu/libreadline.so.8.1)
==2450932==    by 0x48891BF: rl_set_prompt (in /usr/lib/x86_64-linux-gnu/libreadline.so.8.1)
==2450932==    by 0x4894CCF: readline (in /usr/lib/x86_64-linux-gnu/libreadline.so.8.1)
==2450932==    by 0x40677B: read_input_line (readline.c:99)
==2450932==    by 0x4015A9: main (minishell.c:94)
==2450932== 
==2450932== 13 bytes in 1 blocks are still reachable in loss record 3 of 63
==2450932==    at 0x4848899: malloc (in /usr/libexec/valgrind/vgpreload_memcheck-amd64-linux.so)
==2450932==    by 0x48ACBAC: xmalloc (in /usr/lib/x86_64-linux-gnu/libreadline.so.8.1)
==2450932==    by 0x489ABF5: ??? (in /usr/lib/x86_64-linux-gnu/libreadline.so.8.1)
==2450932==    by 0x4894A38: rl_initialize (in /usr/lib/x86_64-linux-gnu/libreadline.so.8.1)
==2450932==    by 0x4894CD4: readline (in /usr/lib/x86_64-linux-gnu/libreadline.so.8.1)
==2450932==    by 0x40677B: read_input_line (readline.c:99)
==2450932==    by 0x4015A9: main (minishell.c:94)
==2450932== 
==2450932== 14 bytes in 1 blocks are still reachable in loss record 4 of 63
==2450932==    at 0x484DCD3: realloc (in /usr/libexec/valgrind/vgpreload_memcheck-amd64-linux.so)
==2450932==    by 0x4B006CC: _nc_doalloc (in /usr/lib/x86_64-linux-gnu/libtinfo.so.6.3)
==2450932==    by 0x4B07272: _nc_tiparm (in /usr/lib/x86_64-linux-gnu/libtinfo.so.6.3)
==2450932==    by 0x4B0DC7D: ??? (in /usr/lib/x86_64-linux-gnu/libtinfo.so.6.3)
==2450932==    by 0x4B0DD09: _nc_trim_sgr0 (in /usr/lib/x86_64-linux-gnu/libtinfo.so.6.3)
==2450932==    by 0x4B0C6A8: tgetent_sp (in /usr/lib/x86_64-linux-gnu/libtinfo.so.6.3)
==2450932==    by 0x48A81CD: _rl_init_terminal_io (in /usr/lib/x86_64-linux-gnu/libreadline.so.8.1)
==2450932==    by 0x4894A0F: rl_initialize (in /usr/lib/x86_64-linux-gnu/libreadline.so.8.1)
==2450932==    by 0x4894CD4: readline (in /usr/lib/x86_64-linux-gnu/libreadline.so.8.1)
==2450932==    by 0x40677B: read_input_line (readline.c:99)
==2450932==    by 0x4015A9: main (minishell.c:94)
==2450932== 
==2450932== 15 bytes in 1 blocks are still reachable in loss record 5 of 63
==2450932==    at 0x4848899: malloc (in /usr/libexec/valgrind/vgpreload_memcheck-amd64-linux.so)
==2450932==    by 0x496F58E: strdup (strdup.c:42)
==2450932==    by 0x4AFF377: ??? (in /usr/lib/x86_64-linux-gnu/libtinfo.so.6.3)
==2450932==    by 0x4B01BF8: _nc_first_db (in /usr/lib/x86_64-linux-gnu/libtinfo.so.6.3)
==2450932==    by 0x4B0B696: _nc_read_entry2 (in /usr/lib/x86_64-linux-gnu/libtinfo.so.6.3)
==2450932==    by 0x4B0B711: ??? (in /usr/lib/x86_64-linux-gnu/libtinfo.so.6.3)
==2450932==    by 0x4B0B866: _nc_setupterm (in /usr/lib/x86_64-linux-gnu/libtinfo.so.6.3)
==2450932==    by 0x4B0C4C9: tgetent_sp (in /usr/lib/x86_64-linux-gnu/libtinfo.so.6.3)
==2450932==    by 0x48A81CD: _rl_init_terminal_io (in /usr/lib/x86_64-linux-gnu/libreadline.so.8.1)
==2450932==    by 0x4894A0F: rl_initialize (in /usr/lib/x86_64-linux-gnu/libreadline.so.8.1)
==2450932==    by 0x4894CD4: readline (in /usr/lib/x86_64-linux-gnu/libreadline.so.8.1)
==2450932==    by 0x40677B: read_input_line (readline.c:99)
==2450932== 
==2450932== 15 bytes in 1 blocks are still reachable in loss record 6 of 63
==2450932==    at 0x4848899: malloc (in /usr/libexec/valgrind/vgpreload_memcheck-amd64-linux.so)
==2450932==    by 0x496F58E: strdup (strdup.c:42)
==2450932==    by 0x4B0B8AE: _nc_setupterm (in /usr/lib/x86_64-linux-gnu/libtinfo.so.6.3)
==2450932==    by 0x4B0C4C9: tgetent_sp (in /usr/lib/x86_64-linux-gnu/libtinfo.so.6.3)
==2450932==    by 0x48A81CD: _rl_init_terminal_io (in /usr/lib/x86_64-linux-gnu/libreadline.so.8.1)
==2450932==    by 0x4894A0F: rl_initialize (in /usr/lib/x86_64-linux-gnu/libreadline.so.8.1)
==2450932==    by 0x4894CD4: readline (in /usr/lib/x86_64-linux-gnu/libreadline.so.8.1)
==2450932==    by 0x40677B: read_input_line (readline.c:99)
==2450932==    by 0x4015A9: main (minishell.c:94)
==2450932== 
==2450932== 16 bytes in 1 blocks are still reachable in loss record 7 of 63
==2450932==    at 0x4848899: malloc (in /usr/libexec/valgrind/vgpreload_memcheck-amd64-linux.so)
==2450932==    by 0x4894B26: rl_initialize (in /usr/lib/x86_64-linux-gnu/libreadline.so.8.1)
==2450932==    by 0x4894CD4: readline (in /usr/lib/x86_64-linux-gnu/libreadline.so.8.1)
==2450932==    by 0x40677B: read_input_line (readline.c:99)
==2450932==    by 0x4015A9: main (minishell.c:94)
==2450932== 
==2450932== 20 bytes in 1 blocks are still reachable in loss record 8 of 63
==2450932==    at 0x4848899: malloc (in /usr/libexec/valgrind/vgpreload_memcheck-amd64-linux.so)
==2450932==    by 0x48ACBAC: xmalloc (in /usr/lib/x86_64-linux-gnu/libreadline.so.8.1)
==2450932==    by 0x4897D8B: ??? (in /usr/lib/x86_64-linux-gnu/libreadline.so.8.1)
==2450932==    by 0x489A6C9: rl_parse_and_bind (in /usr/lib/x86_64-linux-gnu/libreadline.so.8.1)
==2450932==    by 0x489AB6C: ??? (in /usr/lib/x86_64-linux-gnu/libreadline.so.8.1)
==2450932==    by 0x4894A38: rl_initialize (in /usr/lib/x86_64-linux-gnu/libreadline.so.8.1)
==2450932==    by 0x4894CD4: readline (in /usr/lib/x86_64-linux-gnu/libreadline.so.8.1)
==2450932==    by 0x40677B: read_input_line (readline.c:99)
==2450932==    by 0x4015A9: main (minishell.c:94)
==2450932== 
==2450932== 24 bytes in 1 blocks are still reachable in loss record 9 of 63
==2450932==    at 0x4848899: malloc (in /usr/libexec/valgrind/vgpreload_memcheck-amd64-linux.so)
==2450932==    by 0x49E6FA4: tsearch (tsearch.c:337)
==2450932==    by 0x4B03D6E: ??? (in /usr/lib/x86_64-linux-gnu/libtinfo.so.6.3)
==2450932==    by 0x4B07098: _nc_tiparm (in /usr/lib/x86_64-linux-gnu/libtinfo.so.6.3)
==2450932==    by 0x4B0DC7D: ??? (in /usr/lib/x86_64-linux-gnu/libtinfo.so.6.3)
==2450932==    by 0x4B0DD09: _nc_trim_sgr0 (in /usr/lib/x86_64-linux-gnu/libtinfo.so.6.3)
==2450932==    by 0x4B0C6A8: tgetent_sp (in /usr/lib/x86_64-linux-gnu/libtinfo.so.6.3)
==2450932==    by 0x48A81CD: _rl_init_terminal_io (in /usr/lib/x86_64-linux-gnu/libreadline.so.8.1)
==2450932==    by 0x4894A0F: rl_initialize (in /usr/lib/x86_64-linux-gnu/libreadline.so.8.1)
==2450932==    by 0x4894CD4: readline (in /usr/lib/x86_64-linux-gnu/libreadline.so.8.1)
==2450932==    by 0x40677B: read_input_line (readline.c:99)
==2450932==    by 0x4015A9: main (minishell.c:94)
==2450932== 
==2450932== 27 bytes in 1 blocks are still reachable in loss record 10 of 63
==2450932==    at 0x4848899: malloc (in /usr/libexec/valgrind/vgpreload_memcheck-amd64-linux.so)
==2450932==    by 0x48ACBAC: xmalloc (in /usr/lib/x86_64-linux-gnu/libreadline.so.8.1)
==2450932==    by 0x48891E3: rl_set_prompt (in /usr/lib/x86_64-linux-gnu/libreadline.so.8.1)
==2450932==    by 0x4894CCF: readline (in /usr/lib/x86_64-linux-gnu/libreadline.so.8.1)
==2450932==    by 0x40677B: read_input_line (readline.c:99)
==2450932==    by 0x4015A9: main (minishell.c:94)
==2450932== 
==2450932== 27 bytes in 1 blocks are still reachable in loss record 11 of 63
==2450932==    at 0x4848899: malloc (in /usr/libexec/valgrind/vgpreload_memcheck-amd64-linux.so)
==2450932==    by 0x48ACBAC: xmalloc (in /usr/lib/x86_64-linux-gnu/libreadline.so.8.1)
==2450932==    by 0x48995F2: ??? (in /usr/lib/x86_64-linux-gnu/libreadline.so.8.1)
==2450932==    by 0x4899E0D: rl_expand_prompt (in /usr/lib/x86_64-linux-gnu/libreadline.so.8.1)
==2450932==    by 0x48891BF: rl_set_prompt (in /usr/lib/x86_64-linux-gnu/libreadline.so.8.1)
==2450932==    by 0x4894CCF: readline (in /usr/lib/x86_64-linux-gnu/libreadline.so.8.1)
==2450932==    by 0x40677B: read_input_line (readline.c:99)
==2450932==    by 0x4015A9: main (minishell.c:94)
==2450932== 
==2450932== 27 bytes in 1 blocks are still reachable in loss record 12 of 63
==2450932==    at 0x4848899: malloc (in /usr/libexec/valgrind/vgpreload_memcheck-amd64-linux.so)
==2450932==    by 0x4B01624: _nc_home_terminfo (in /usr/lib/x86_64-linux-gnu/libtinfo.so.6.3)
==2450932==    by 0x4B01BE2: _nc_first_db (in /usr/lib/x86_64-linux-gnu/libtinfo.so.6.3)
==2450932==    by 0x4B0B696: _nc_read_entry2 (in /usr/lib/x86_64-linux-gnu/libtinfo.so.6.3)
==2450932==    by 0x4B0B711: ??? (in /usr/lib/x86_64-linux-gnu/libtinfo.so.6.3)
==2450932==    by 0x4B0B866: _nc_setupterm (in /usr/lib/x86_64-linux-gnu/libtinfo.so.6.3)
==2450932==    by 0x4B0C4C9: tgetent_sp (in /usr/lib/x86_64-linux-gnu/libtinfo.so.6.3)
==2450932==    by 0x48A81CD: _rl_init_terminal_io (in /usr/lib/x86_64-linux-gnu/libreadline.so.8.1)
==2450932==    by 0x4894A0F: rl_initialize (in /usr/lib/x86_64-linux-gnu/libreadline.so.8.1)
==2450932==    by 0x4894CD4: readline (in /usr/lib/x86_64-linux-gnu/libreadline.so.8.1)
==2450932==    by 0x40677B: read_input_line (readline.c:99)
==2450932==    by 0x4015A9: main (minishell.c:94)
==2450932== 
==2450932== 46 bytes in 1 blocks are still reachable in loss record 13 of 63
==2450932==    at 0x484DCD3: realloc (in /usr/libexec/valgrind/vgpreload_memcheck-amd64-linux.so)
==2450932==    by 0x4B006CC: _nc_doalloc (in /usr/lib/x86_64-linux-gnu/libtinfo.so.6.3)
==2450932==    by 0x4B0B16F: _nc_read_termtype (in /usr/lib/x86_64-linux-gnu/libtinfo.so.6.3)
==2450932==    by 0x4B0B52A: ??? (in /usr/lib/x86_64-linux-gnu/libtinfo.so.6.3)
==2450932==    by 0x4B0DC40: ??? (in /usr/lib/x86_64-linux-gnu/libtinfo.so.6.3)
==2450932==    by 0x4B0B6BB: _nc_read_entry2 (in /usr/lib/x86_64-linux-gnu/libtinfo.so.6.3)
==2450932==    by 0x4B0B711: ??? (in /usr/lib/x86_64-linux-gnu/libtinfo.so.6.3)
==2450932==    by 0x4B0B866: _nc_setupterm (in /usr/lib/x86_64-linux-gnu/libtinfo.so.6.3)
==2450932==    by 0x4B0C4C9: tgetent_sp (in /usr/lib/x86_64-linux-gnu/libtinfo.so.6.3)
==2450932==    by 0x48A81CD: _rl_init_terminal_io (in /usr/lib/x86_64-linux-gnu/libreadline.so.8.1)
==2450932==    by 0x4894A0F: rl_initialize (in /usr/lib/x86_64-linux-gnu/libreadline.so.8.1)
==2450932==    by 0x4894CD4: readline (in /usr/lib/x86_64-linux-gnu/libreadline.so.8.1)
==2450932== 
==2450932== 46 bytes in 1 blocks are still reachable in loss record 14 of 63
==2450932==    at 0x4848899: malloc (in /usr/libexec/valgrind/vgpreload_memcheck-amd64-linux.so)
==2450932==    by 0x4AFFFDE: ??? (in /usr/lib/x86_64-linux-gnu/libtinfo.so.6.3)
==2450932==    by 0x4B0B87D: _nc_setupterm (in /usr/lib/x86_64-linux-gnu/libtinfo.so.6.3)
==2450932==    by 0x4B0C4C9: tgetent_sp (in /usr/lib/x86_64-linux-gnu/libtinfo.so.6.3)
==2450932==    by 0x48A81CD: _rl_init_terminal_io (in /usr/lib/x86_64-linux-gnu/libreadline.so.8.1)
==2450932==    by 0x4894A0F: rl_initialize (in /usr/lib/x86_64-linux-gnu/libreadline.so.8.1)
==2450932==    by 0x4894CD4: readline (in /usr/lib/x86_64-linux-gnu/libreadline.so.8.1)
==2450932==    by 0x40677B: read_input_line (readline.c:99)
==2450932==    by 0x4015A9: main (minishell.c:94)
==2450932== 
==2450932== 48 bytes in 1 blocks are still reachable in loss record 15 of 63
==2450932==    at 0x484DA83: calloc (in /usr/libexec/valgrind/vgpreload_memcheck-amd64-linux.so)
==2450932==    by 0x4B01833: _nc_first_db (in /usr/lib/x86_64-linux-gnu/libtinfo.so.6.3)
==2450932==    by 0x4B0B696: _nc_read_entry2 (in /usr/lib/x86_64-linux-gnu/libtinfo.so.6.3)
==2450932==    by 0x4B0B711: ??? (in /usr/lib/x86_64-linux-gnu/libtinfo.so.6.3)
==2450932==    by 0x4B0B866: _nc_setupterm (in /usr/lib/x86_64-linux-gnu/libtinfo.so.6.3)
==2450932==    by 0x4B0C4C9: tgetent_sp (in /usr/lib/x86_64-linux-gnu/libtinfo.so.6.3)
==2450932==    by 0x48A81CD: _rl_init_terminal_io (in /usr/lib/x86_64-linux-gnu/libreadline.so.8.1)
==2450932==    by 0x4894A0F: rl_initialize (in /usr/lib/x86_64-linux-gnu/libreadline.so.8.1)
==2450932==    by 0x4894CD4: readline (in /usr/lib/x86_64-linux-gnu/libreadline.so.8.1)
==2450932==    by 0x40677B: read_input_line (readline.c:99)
==2450932==    by 0x4015A9: main (minishell.c:94)
==2450932== 
==2450932== 78 bytes in 1 blocks are still reachable in loss record 16 of 63
==2450932==    at 0x4848899: malloc (in /usr/libexec/valgrind/vgpreload_memcheck-amd64-linux.so)
==2450932==    by 0x4B0004B: ??? (in /usr/lib/x86_64-linux-gnu/libtinfo.so.6.3)
==2450932==    by 0x4B0B87D: _nc_setupterm (in /usr/lib/x86_64-linux-gnu/libtinfo.so.6.3)
==2450932==    by 0x4B0C4C9: tgetent_sp (in /usr/lib/x86_64-linux-gnu/libtinfo.so.6.3)
==2450932==    by 0x48A81CD: _rl_init_terminal_io (in /usr/lib/x86_64-linux-gnu/libreadline.so.8.1)
==2450932==    by 0x4894A0F: rl_initialize (in /usr/lib/x86_64-linux-gnu/libreadline.so.8.1)
==2450932==    by 0x4894CD4: readline (in /usr/lib/x86_64-linux-gnu/libreadline.so.8.1)
==2450932==    by 0x40677B: read_input_line (readline.c:99)
==2450932==    by 0x4015A9: main (minishell.c:94)
==2450932== 
==2450932== 93 bytes in 1 blocks are still reachable in loss record 17 of 63
==2450932==    at 0x4848899: malloc (in /usr/libexec/valgrind/vgpreload_memcheck-amd64-linux.so)
==2450932==    by 0x496F58E: strdup (strdup.c:42)
==2450932==    by 0x4B03D54: ??? (in /usr/lib/x86_64-linux-gnu/libtinfo.so.6.3)
==2450932==    by 0x4B07098: _nc_tiparm (in /usr/lib/x86_64-linux-gnu/libtinfo.so.6.3)
==2450932==    by 0x4B0DC7D: ??? (in /usr/lib/x86_64-linux-gnu/libtinfo.so.6.3)
==2450932==    by 0x4B0DD09: _nc_trim_sgr0 (in /usr/lib/x86_64-linux-gnu/libtinfo.so.6.3)
==2450932==    by 0x4B0C6A8: tgetent_sp (in /usr/lib/x86_64-linux-gnu/libtinfo.so.6.3)
==2450932==    by 0x48A81CD: _rl_init_terminal_io (in /usr/lib/x86_64-linux-gnu/libreadline.so.8.1)
==2450932==    by 0x4894A0F: rl_initialize (in /usr/lib/x86_64-linux-gnu/libreadline.so.8.1)
==2450932==    by 0x4894CD4: readline (in /usr/lib/x86_64-linux-gnu/libreadline.so.8.1)
==2450932==    by 0x40677B: read_input_line (readline.c:99)
==2450932==    by 0x4015A9: main (minishell.c:94)
==2450932== 
==2450932== 94 bytes in 1 blocks are still reachable in loss record 18 of 63
==2450932==    at 0x4848899: malloc (in /usr/libexec/valgrind/vgpreload_memcheck-amd64-linux.so)
==2450932==    by 0x4B0395B: _nc_tparm_analyze (in /usr/lib/x86_64-linux-gnu/libtinfo.so.6.3)
==2450932==    by 0x4B03C62: ??? (in /usr/lib/x86_64-linux-gnu/libtinfo.so.6.3)
==2450932==    by 0x4B07098: _nc_tiparm (in /usr/lib/x86_64-linux-gnu/libtinfo.so.6.3)
==2450932==    by 0x4B0DC7D: ??? (in /usr/lib/x86_64-linux-gnu/libtinfo.so.6.3)
==2450932==    by 0x4B0DD09: _nc_trim_sgr0 (in /usr/lib/x86_64-linux-gnu/libtinfo.so.6.3)
==2450932==    by 0x4B0C6A8: tgetent_sp (in /usr/lib/x86_64-linux-gnu/libtinfo.so.6.3)
==2450932==    by 0x48A81CD: _rl_init_terminal_io (in /usr/lib/x86_64-linux-gnu/libreadline.so.8.1)
==2450932==    by 0x4894A0F: rl_initialize (in /usr/lib/x86_64-linux-gnu/libreadline.so.8.1)
==2450932==    by 0x4894CD4: readline (in /usr/lib/x86_64-linux-gnu/libreadline.so.8.1)
==2450932==    by 0x40677B: read_input_line (readline.c:99)
==2450932==    by 0x4015A9: main (minishell.c:94)
==2450932== 
==2450932== 96 bytes in 1 blocks are still reachable in loss record 19 of 63
==2450932==    at 0x4848899: malloc (in /usr/libexec/valgrind/vgpreload_memcheck-amd64-linux.so)
==2450932==    by 0x4B0179A: _nc_first_db (in /usr/lib/x86_64-linux-gnu/libtinfo.so.6.3)
==2450932==    by 0x4B0B696: _nc_read_entry2 (in /usr/lib/x86_64-linux-gnu/libtinfo.so.6.3)
==2450932==    by 0x4B0B711: ??? (in /usr/lib/x86_64-linux-gnu/libtinfo.so.6.3)
==2450932==    by 0x4B0B866: _nc_setupterm (in /usr/lib/x86_64-linux-gnu/libtinfo.so.6.3)
==2450932==    by 0x4B0C4C9: tgetent_sp (in /usr/lib/x86_64-linux-gnu/libtinfo.so.6.3)
==2450932==    by 0x48A81CD: _rl_init_terminal_io (in /usr/lib/x86_64-linux-gnu/libreadline.so.8.1)
==2450932==    by 0x4894A0F: rl_initialize (in /usr/lib/x86_64-linux-gnu/libreadline.so.8.1)
==2450932==    by 0x4894CD4: readline (in /usr/lib/x86_64-linux-gnu/libreadline.so.8.1)
==2450932==    by 0x40677B: read_input_line (readline.c:99)
==2450932==    by 0x4015A9: main (minishell.c:94)
==2450932== 
==2450932== 156 bytes in 1 blocks are still reachable in loss record 20 of 63
==2450932==    at 0x484DCD3: realloc (in /usr/libexec/valgrind/vgpreload_memcheck-amd64-linux.so)
==2450932==    by 0x4B006CC: _nc_doalloc (in /usr/lib/x86_64-linux-gnu/libtinfo.so.6.3)
==2450932==    by 0x4B0B197: _nc_read_termtype (in /usr/lib/x86_64-linux-gnu/libtinfo.so.6.3)
==2450932==    by 0x4B0B52A: ??? (in /usr/lib/x86_64-linux-gnu/libtinfo.so.6.3)
==2450932==    by 0x4B0DC40: ??? (in /usr/lib/x86_64-linux-gnu/libtinfo.so.6.3)
==2450932==    by 0x4B0B6BB: _nc_read_entry2 (in /usr/lib/x86_64-linux-gnu/libtinfo.so.6.3)
==2450932==    by 0x4B0B711: ??? (in /usr/lib/x86_64-linux-gnu/libtinfo.so.6.3)
==2450932==    by 0x4B0B866: _nc_setupterm (in /usr/lib/x86_64-linux-gnu/libtinfo.so.6.3)
==2450932==    by 0x4B0C4C9: tgetent_sp (in /usr/lib/x86_64-linux-gnu/libtinfo.so.6.3)
==2450932==    by 0x48A81CD: _rl_init_terminal_io (in /usr/lib/x86_64-linux-gnu/libreadline.so.8.1)
==2450932==    by 0x4894A0F: rl_initialize (in /usr/lib/x86_64-linux-gnu/libreadline.so.8.1)
==2450932==    by 0x4894CD4: readline (in /usr/lib/x86_64-linux-gnu/libreadline.so.8.1)
==2450932== 
==2450932== 168 bytes in 1 blocks are still reachable in loss record 21 of 63
==2450932==    at 0x484DA83: calloc (in /usr/libexec/valgrind/vgpreload_memcheck-amd64-linux.so)
==2450932==    by 0x4B03CCD: ??? (in /usr/lib/x86_64-linux-gnu/libtinfo.so.6.3)
==2450932==    by 0x4B07098: _nc_tiparm (in /usr/lib/x86_64-linux-gnu/libtinfo.so.6.3)
==2450932==    by 0x4B0DC7D: ??? (in /usr/lib/x86_64-linux-gnu/libtinfo.so.6.3)
==2450932==    by 0x4B0DD09: _nc_trim_sgr0 (in /usr/lib/x86_64-linux-gnu/libtinfo.so.6.3)
==2450932==    by 0x4B0C6A8: tgetent_sp (in /usr/lib/x86_64-linux-gnu/libtinfo.so.6.3)
==2450932==    by 0x48A81CD: _rl_init_terminal_io (in /usr/lib/x86_64-linux-gnu/libreadline.so.8.1)
==2450932==    by 0x4894A0F: rl_initialize (in /usr/lib/x86_64-linux-gnu/libreadline.so.8.1)
==2450932==    by 0x4894CD4: readline (in /usr/lib/x86_64-linux-gnu/libreadline.so.8.1)
==2450932==    by 0x40677B: read_input_line (readline.c:99)
==2450932==    by 0x4015A9: main (minishell.c:94)
==2450932== 
==2450932== 256 bytes in 1 blocks are still reachable in loss record 22 of 63
==2450932==    at 0x4848899: malloc (in /usr/libexec/valgrind/vgpreload_memcheck-amd64-linux.so)
==2450932==    by 0x48ACBAC: xmalloc (in /usr/lib/x86_64-linux-gnu/libreadline.so.8.1)
==2450932==    by 0x4894C86: rl_initialize (in /usr/lib/x86_64-linux-gnu/libreadline.so.8.1)
==2450932==    by 0x4894CD4: readline (in /usr/lib/x86_64-linux-gnu/libreadline.so.8.1)
==2450932==    by 0x40677B: read_input_line (readline.c:99)
==2450932==    by 0x4015A9: main (minishell.c:94)
==2450932== 
==2450932== 608 bytes in 1 blocks are still reachable in loss record 23 of 63
==2450932==    at 0x484DA83: calloc (in /usr/libexec/valgrind/vgpreload_memcheck-amd64-linux.so)
==2450932==    by 0x4B0B37E: _nc_read_termtype (in /usr/lib/x86_64-linux-gnu/libtinfo.so.6.3)
==2450932==    by 0x4B0B52A: ??? (in /usr/lib/x86_64-linux-gnu/libtinfo.so.6.3)
==2450932==    by 0x4B0DC40: ??? (in /usr/lib/x86_64-linux-gnu/libtinfo.so.6.3)
==2450932==    by 0x4B0B6BB: _nc_read_entry2 (in /usr/lib/x86_64-linux-gnu/libtinfo.so.6.3)
==2450932==    by 0x4B0B711: ??? (in /usr/lib/x86_64-linux-gnu/libtinfo.so.6.3)
==2450932==    by 0x4B0B866: _nc_setupterm (in /usr/lib/x86_64-linux-gnu/libtinfo.so.6.3)
==2450932==    by 0x4B0C4C9: tgetent_sp (in /usr/lib/x86_64-linux-gnu/libtinfo.so.6.3)
==2450932==    by 0x48A81CD: _rl_init_terminal_io (in /usr/lib/x86_64-linux-gnu/libreadline.so.8.1)
==2450932==    by 0x4894A0F: rl_initialize (in /usr/lib/x86_64-linux-gnu/libreadline.so.8.1)
==2450932==    by 0x4894CD4: readline (in /usr/lib/x86_64-linux-gnu/libreadline.so.8.1)
==2450932==    by 0x40677B: read_input_line (readline.c:99)
==2450932== 
==2450932== 608 bytes in 1 blocks are still reachable in loss record 24 of 63
==2450932==    at 0x4848899: malloc (in /usr/libexec/valgrind/vgpreload_memcheck-amd64-linux.so)
==2450932==    by 0x4B00119: ??? (in /usr/lib/x86_64-linux-gnu/libtinfo.so.6.3)
==2450932==    by 0x4B0B87D: _nc_setupterm (in /usr/lib/x86_64-linux-gnu/libtinfo.so.6.3)
==2450932==    by 0x4B0C4C9: tgetent_sp (in /usr/lib/x86_64-linux-gnu/libtinfo.so.6.3)
==2450932==    by 0x48A81CD: _rl_init_terminal_io (in /usr/lib/x86_64-linux-gnu/libreadline.so.8.1)
==2450932==    by 0x4894A0F: rl_initialize (in /usr/lib/x86_64-linux-gnu/libreadline.so.8.1)
==2450932==    by 0x4894CD4: readline (in /usr/lib/x86_64-linux-gnu/libreadline.so.8.1)
==2450932==    by 0x40677B: read_input_line (readline.c:99)
==2450932==    by 0x4015A9: main (minishell.c:94)
==2450932== 
==2450932== 760 bytes in 1 blocks are still reachable in loss record 25 of 63
==2450932==    at 0x484DA83: calloc (in /usr/libexec/valgrind/vgpreload_memcheck-amd64-linux.so)
==2450932==    by 0x4B0B819: _nc_setupterm (in /usr/lib/x86_64-linux-gnu/libtinfo.so.6.3)
==2450932==    by 0x4B0C4C9: tgetent_sp (in /usr/lib/x86_64-linux-gnu/libtinfo.so.6.3)
==2450932==    by 0x48A81CD: _rl_init_terminal_io (in /usr/lib/x86_64-linux-gnu/libreadline.so.8.1)
==2450932==    by 0x4894A0F: rl_initialize (in /usr/lib/x86_64-linux-gnu/libreadline.so.8.1)
==2450932==    by 0x4894CD4: readline (in /usr/lib/x86_64-linux-gnu/libreadline.so.8.1)
==2450932==    by 0x40677B: read_input_line (readline.c:99)
==2450932==    by 0x4015A9: main (minishell.c:94)
==2450932== 
==2450932== 940 bytes in 1 blocks are still reachable in loss record 26 of 63
==2450932==    at 0x4848899: malloc (in /usr/libexec/valgrind/vgpreload_memcheck-amd64-linux.so)
==2450932==    by 0x4B0B287: _nc_read_termtype (in /usr/lib/x86_64-linux-gnu/libtinfo.so.6.3)
==2450932==    by 0x4B0B52A: ??? (in /usr/lib/x86_64-linux-gnu/libtinfo.so.6.3)
==2450932==    by 0x4B0DC40: ??? (in /usr/lib/x86_64-linux-gnu/libtinfo.so.6.3)
==2450932==    by 0x4B0B6BB: _nc_read_entry2 (in /usr/lib/x86_64-linux-gnu/libtinfo.so.6.3)
==2450932==    by 0x4B0B711: ??? (in /usr/lib/x86_64-linux-gnu/libtinfo.so.6.3)
==2450932==    by 0x4B0B866: _nc_setupterm (in /usr/lib/x86_64-linux-gnu/libtinfo.so.6.3)
==2450932==    by 0x4B0C4C9: tgetent_sp (in /usr/lib/x86_64-linux-gnu/libtinfo.so.6.3)
==2450932==    by 0x48A81CD: _rl_init_terminal_io (in /usr/lib/x86_64-linux-gnu/libreadline.so.8.1)
==2450932==    by 0x4894A0F: rl_initialize (in /usr/lib/x86_64-linux-gnu/libreadline.so.8.1)
==2450932==    by 0x4894CD4: readline (in /usr/lib/x86_64-linux-gnu/libreadline.so.8.1)
==2450932==    by 0x40677B: read_input_line (readline.c:99)
==2450932== 
==2450932== 1,024 bytes in 1 blocks are still reachable in loss record 27 of 63
==2450932==    at 0x4848899: malloc (in /usr/libexec/valgrind/vgpreload_memcheck-amd64-linux.so)
==2450932==    by 0x48AD4A7: xrealloc (in /usr/lib/x86_64-linux-gnu/libreadline.so.8.1)
==2450932==    by 0x4896C7B: ??? (in /usr/lib/x86_64-linux-gnu/libreadline.so.8.1)
==2450932==    by 0x4896D67: ??? (in /usr/lib/x86_64-linux-gnu/libreadline.so.8.1)
==2450932==    by 0x489FC7E: rl_redisplay (in /usr/lib/x86_64-linux-gnu/libreadline.so.8.1)
==2450932==    by 0x488A458: readline_internal_setup (in /usr/lib/x86_64-linux-gnu/libreadline.so.8.1)
==2450932==    by 0x4894CF8: readline (in /usr/lib/x86_64-linux-gnu/libreadline.so.8.1)
==2450932==    by 0x40677B: read_input_line (readline.c:99)
==2450932==    by 0x4015A9: main (minishell.c:94)
==2450932== 
==2450932== 1,024 bytes in 1 blocks are still reachable in loss record 28 of 63
==2450932==    at 0x4848899: malloc (in /usr/libexec/valgrind/vgpreload_memcheck-amd64-linux.so)
==2450932==    by 0x48AD4A7: xrealloc (in /usr/lib/x86_64-linux-gnu/libreadline.so.8.1)
==2450932==    by 0x4896C8B: ??? (in /usr/lib/x86_64-linux-gnu/libreadline.so.8.1)
==2450932==    by 0x4896D67: ??? (in /usr/lib/x86_64-linux-gnu/libreadline.so.8.1)
==2450932==    by 0x489FC7E: rl_redisplay (in /usr/lib/x86_64-linux-gnu/libreadline.so.8.1)
==2450932==    by 0x488A458: readline_internal_setup (in /usr/lib/x86_64-linux-gnu/libreadline.so.8.1)
==2450932==    by 0x4894CF8: readline (in /usr/lib/x86_64-linux-gnu/libreadline.so.8.1)
==2450932==    by 0x40677B: read_input_line (readline.c:99)
==2450932==    by 0x4015A9: main (minishell.c:94)
==2450932== 
==2450932== 1,024 bytes in 1 blocks are still reachable in loss record 29 of 63
==2450932==    at 0x4848899: malloc (in /usr/libexec/valgrind/vgpreload_memcheck-amd64-linux.so)
==2450932==    by 0x48AD4A7: xrealloc (in /usr/lib/x86_64-linux-gnu/libreadline.so.8.1)
==2450932==    by 0x4896CA2: ??? (in /usr/lib/x86_64-linux-gnu/libreadline.so.8.1)
==2450932==    by 0x4896D67: ??? (in /usr/lib/x86_64-linux-gnu/libreadline.so.8.1)
==2450932==    by 0x489FC7E: rl_redisplay (in /usr/lib/x86_64-linux-gnu/libreadline.so.8.1)
==2450932==    by 0x488A458: readline_internal_setup (in /usr/lib/x86_64-linux-gnu/libreadline.so.8.1)
==2450932==    by 0x4894CF8: readline (in /usr/lib/x86_64-linux-gnu/libreadline.so.8.1)
==2450932==    by 0x40677B: read_input_line (readline.c:99)
==2450932==    by 0x4015A9: main (minishell.c:94)
==2450932== 
==2450932== 1,024 bytes in 1 blocks are still reachable in loss record 30 of 63
==2450932==    at 0x4848899: malloc (in /usr/libexec/valgrind/vgpreload_memcheck-amd64-linux.so)
==2450932==    by 0x48AD4A7: xrealloc (in /usr/lib/x86_64-linux-gnu/libreadline.so.8.1)
==2450932==    by 0x4896CBB: ??? (in /usr/lib/x86_64-linux-gnu/libreadline.so.8.1)
==2450932==    by 0x4896D67: ??? (in /usr/lib/x86_64-linux-gnu/libreadline.so.8.1)
==2450932==    by 0x489FC7E: rl_redisplay (in /usr/lib/x86_64-linux-gnu/libreadline.so.8.1)
==2450932==    by 0x488A458: readline_internal_setup (in /usr/lib/x86_64-linux-gnu/libreadline.so.8.1)
==2450932==    by 0x4894CF8: readline (in /usr/lib/x86_64-linux-gnu/libreadline.so.8.1)
==2450932==    by 0x40677B: read_input_line (readline.c:99)
==2450932==    by 0x4015A9: main (minishell.c:94)
==2450932== 
==2450932== 1,024 bytes in 1 blocks are still reachable in loss record 31 of 63
==2450932==    at 0x4848899: malloc (in /usr/libexec/valgrind/vgpreload_memcheck-amd64-linux.so)
==2450932==    by 0x48ACBAC: xmalloc (in /usr/lib/x86_64-linux-gnu/libreadline.so.8.1)
==2450932==    by 0x4896DC5: ??? (in /usr/lib/x86_64-linux-gnu/libreadline.so.8.1)
==2450932==    by 0x489FC7E: rl_redisplay (in /usr/lib/x86_64-linux-gnu/libreadline.so.8.1)
==2450932==    by 0x488A458: readline_internal_setup (in /usr/lib/x86_64-linux-gnu/libreadline.so.8.1)
==2450932==    by 0x4894CF8: readline (in /usr/lib/x86_64-linux-gnu/libreadline.so.8.1)
==2450932==    by 0x40677B: read_input_line (readline.c:99)
==2450932==    by 0x4015A9: main (minishell.c:94)
==2450932== 
==2450932== 1,024 bytes in 1 blocks are still reachable in loss record 32 of 63
==2450932==    at 0x4848899: malloc (in /usr/libexec/valgrind/vgpreload_memcheck-amd64-linux.so)
==2450932==    by 0x48ACBAC: xmalloc (in /usr/lib/x86_64-linux-gnu/libreadline.so.8.1)
==2450932==    by 0x4896DDA: ??? (in /usr/lib/x86_64-linux-gnu/libreadline.so.8.1)
==2450932==    by 0x489FC7E: rl_redisplay (in /usr/lib/x86_64-linux-gnu/libreadline.so.8.1)
==2450932==    by 0x488A458: readline_internal_setup (in /usr/lib/x86_64-linux-gnu/libreadline.so.8.1)
==2450932==    by 0x4894CF8: readline (in /usr/lib/x86_64-linux-gnu/libreadline.so.8.1)
==2450932==    by 0x40677B: read_input_line (readline.c:99)
==2450932==    by 0x4015A9: main (minishell.c:94)
==2450932== 
==2450932== 1,024 bytes in 1 blocks are still reachable in loss record 33 of 63
==2450932==    at 0x4848899: malloc (in /usr/libexec/valgrind/vgpreload_memcheck-amd64-linux.so)
==2450932==    by 0x48ACBAC: xmalloc (in /usr/lib/x86_64-linux-gnu/libreadline.so.8.1)
==2450932==    by 0x4896DE8: ??? (in /usr/lib/x86_64-linux-gnu/libreadline.so.8.1)
==2450932==    by 0x489FC7E: rl_redisplay (in /usr/lib/x86_64-linux-gnu/libreadline.so.8.1)
==2450932==    by 0x488A458: readline_internal_setup (in /usr/lib/x86_64-linux-gnu/libreadline.so.8.1)
==2450932==    by 0x4894CF8: readline (in /usr/lib/x86_64-linux-gnu/libreadline.so.8.1)
==2450932==    by 0x40677B: read_input_line (readline.c:99)
==2450932==    by 0x4015A9: main (minishell.c:94)
==2450932== 
==2450932== 1,024 bytes in 1 blocks are still reachable in loss record 34 of 63
==2450932==    at 0x4848899: malloc (in /usr/libexec/valgrind/vgpreload_memcheck-amd64-linux.so)
==2450932==    by 0x48ACBAC: xmalloc (in /usr/lib/x86_64-linux-gnu/libreadline.so.8.1)
==2450932==    by 0x4896DF6: ??? (in /usr/lib/x86_64-linux-gnu/libreadline.so.8.1)
==2450932==    by 0x489FC7E: rl_redisplay (in /usr/lib/x86_64-linux-gnu/libreadline.so.8.1)
==2450932==    by 0x488A458: readline_internal_setup (in /usr/lib/x86_64-linux-gnu/libreadline.so.8.1)
==2450932==    by 0x4894CF8: readline (in /usr/lib/x86_64-linux-gnu/libreadline.so.8.1)
==2450932==    by 0x40677B: read_input_line (readline.c:99)
==2450932==    by 0x4015A9: main (minishell.c:94)
==2450932== 
==2450932== 1,536 bytes in 1 blocks are still reachable in loss record 35 of 63
==2450932==    at 0x484DCD3: realloc (in /usr/libexec/valgrind/vgpreload_memcheck-amd64-linux.so)
==2450932==    by 0x48AD491: xrealloc (in /usr/lib/x86_64-linux-gnu/libreadline.so.8.1)
==2450932==    by 0x488A877: rl_add_funmap_entry (in /usr/lib/x86_64-linux-gnu/libreadline.so.8.1)
==2450932==    by 0x488A8C8: rl_initialize_funmap (in /usr/lib/x86_64-linux-gnu/libreadline.so.8.1)
==2450932==    by 0x4894A2C: rl_initialize (in /usr/lib/x86_64-linux-gnu/libreadline.so.8.1)
==2450932==    by 0x4894CD4: readline (in /usr/lib/x86_64-linux-gnu/libreadline.so.8.1)
==2450932==    by 0x40677B: read_input_line (readline.c:99)
==2450932==    by 0x4015A9: main (minishell.c:94)
==2450932== 
==2450932== 1,664 bytes in 1 blocks are still reachable in loss record 36 of 63
==2450932==    at 0x4848899: malloc (in /usr/libexec/valgrind/vgpreload_memcheck-amd64-linux.so)
==2450932==    by 0x4B0AACD: _nc_read_termtype (in /usr/lib/x86_64-linux-gnu/libtinfo.so.6.3)
==2450932==    by 0x4B0B52A: ??? (in /usr/lib/x86_64-linux-gnu/libtinfo.so.6.3)
==2450932==    by 0x4B0DC40: ??? (in /usr/lib/x86_64-linux-gnu/libtinfo.so.6.3)
==2450932==    by 0x4B0B6BB: _nc_read_entry2 (in /usr/lib/x86_64-linux-gnu/libtinfo.so.6.3)
==2450932==    by 0x4B0B711: ??? (in /usr/lib/x86_64-linux-gnu/libtinfo.so.6.3)
==2450932==    by 0x4B0B866: _nc_setupterm (in /usr/lib/x86_64-linux-gnu/libtinfo.so.6.3)
==2450932==    by 0x4B0C4C9: tgetent_sp (in /usr/lib/x86_64-linux-gnu/libtinfo.so.6.3)
==2450932==    by 0x48A81CD: _rl_init_terminal_io (in /usr/lib/x86_64-linux-gnu/libreadline.so.8.1)
==2450932==    by 0x4894A0F: rl_initialize (in /usr/lib/x86_64-linux-gnu/libreadline.so.8.1)
==2450932==    by 0x4894CD4: readline (in /usr/lib/x86_64-linux-gnu/libreadline.so.8.1)
==2450932==    by 0x40677B: read_input_line (readline.c:99)
==2450932== 
==2450932== 2,032 bytes in 1 blocks are still reachable in loss record 37 of 63
==2450932==    at 0x4848899: malloc (in /usr/libexec/valgrind/vgpreload_memcheck-amd64-linux.so)
==2450932==    by 0x48ACBAC: xmalloc (in /usr/lib/x86_64-linux-gnu/libreadline.so.8.1)
==2450932==    by 0x48A8419: _rl_init_terminal_io (in /usr/lib/x86_64-linux-gnu/libreadline.so.8.1)
==2450932==    by 0x4894A0F: rl_initialize (in /usr/lib/x86_64-linux-gnu/libreadline.so.8.1)
==2450932==    by 0x4894CD4: readline (in /usr/lib/x86_64-linux-gnu/libreadline.so.8.1)
==2450932==    by 0x40677B: read_input_line (readline.c:99)
==2450932==    by 0x4015A9: main (minishell.c:94)
==2450932== 
==2450932== 2,240 bytes in 140 blocks are still reachable in loss record 38 of 63
==2450932==    at 0x4848899: malloc (in /usr/libexec/valgrind/vgpreload_memcheck-amd64-linux.so)
==2450932==    by 0x48ACBAC: xmalloc (in /usr/lib/x86_64-linux-gnu/libreadline.so.8.1)
==2450932==    by 0x488A822: rl_add_funmap_entry (in /usr/lib/x86_64-linux-gnu/libreadline.so.8.1)
==2450932==    by 0x488A8C8: rl_initialize_funmap (in /usr/lib/x86_64-linux-gnu/libreadline.so.8.1)
==2450932==    by 0x4894A2C: rl_initialize (in /usr/lib/x86_64-linux-gnu/libreadline.so.8.1)
==2450932==    by 0x4894CD4: readline (in /usr/lib/x86_64-linux-gnu/libreadline.so.8.1)
==2450932==    by 0x40677B: read_input_line (readline.c:99)
==2450932==    by 0x4015A9: main (minishell.c:94)
==2450932== 
==2450932== 3,904 bytes in 1 blocks are still reachable in loss record 39 of 63
==2450932==    at 0x484DCD3: realloc (in /usr/libexec/valgrind/vgpreload_memcheck-amd64-linux.so)
==2450932==    by 0x4B006CC: _nc_doalloc (in /usr/lib/x86_64-linux-gnu/libtinfo.so.6.3)
==2450932==    by 0x4B0B1B5: _nc_read_termtype (in /usr/lib/x86_64-linux-gnu/libtinfo.so.6.3)
==2450932==    by 0x4B0B52A: ??? (in /usr/lib/x86_64-linux-gnu/libtinfo.so.6.3)
==2450932==    by 0x4B0DC40: ??? (in /usr/lib/x86_64-linux-gnu/libtinfo.so.6.3)
==2450932==    by 0x4B0B6BB: _nc_read_entry2 (in /usr/lib/x86_64-linux-gnu/libtinfo.so.6.3)
==2450932==    by 0x4B0B711: ??? (in /usr/lib/x86_64-linux-gnu/libtinfo.so.6.3)
==2450932==    by 0x4B0B866: _nc_setupterm (in /usr/lib/x86_64-linux-gnu/libtinfo.so.6.3)
==2450932==    by 0x4B0C4C9: tgetent_sp (in /usr/lib/x86_64-linux-gnu/libtinfo.so.6.3)
==2450932==    by 0x48A81CD: _rl_init_terminal_io (in /usr/lib/x86_64-linux-gnu/libreadline.so.8.1)
==2450932==    by 0x4894A0F: rl_initialize (in /usr/lib/x86_64-linux-gnu/libreadline.so.8.1)
==2450932==    by 0x4894CD4: readline (in /usr/lib/x86_64-linux-gnu/libreadline.so.8.1)
==2450932== 
==2450932== 3,904 bytes in 1 blocks are still reachable in loss record 40 of 63
==2450932==    at 0x4848899: malloc (in /usr/libexec/valgrind/vgpreload_memcheck-amd64-linux.so)
==2450932==    by 0x4AFFFFF: ??? (in /usr/lib/x86_64-linux-gnu/libtinfo.so.6.3)
==2450932==    by 0x4B0B87D: _nc_setupterm (in /usr/lib/x86_64-linux-gnu/libtinfo.so.6.3)
==2450932==    by 0x4B0C4C9: tgetent_sp (in /usr/lib/x86_64-linux-gnu/libtinfo.so.6.3)
==2450932==    by 0x48A81CD: _rl_init_terminal_io (in /usr/lib/x86_64-linux-gnu/libreadline.so.8.1)
==2450932==    by 0x4894A0F: rl_initialize (in /usr/lib/x86_64-linux-gnu/libreadline.so.8.1)
==2450932==    by 0x4894CD4: readline (in /usr/lib/x86_64-linux-gnu/libreadline.so.8.1)
==2450932==    by 0x40677B: read_input_line (readline.c:99)
==2450932==    by 0x4015A9: main (minishell.c:94)
==2450932== 
==2450932== 4,016 bytes in 1 blocks are still reachable in loss record 41 of 63
==2450932==    at 0x4848899: malloc (in /usr/libexec/valgrind/vgpreload_memcheck-amd64-linux.so)
==2450932==    by 0x48ACBAC: xmalloc (in /usr/lib/x86_64-linux-gnu/libreadline.so.8.1)
==2450932==    by 0x48A5FD6: add_history (in /usr/lib/x86_64-linux-gnu/libreadline.so.8.1)
==2450932==    by 0x4067F5: read_input_line (readline.c:104)
==2450932==    by 0x4015A9: main (minishell.c:94)
==2450932== 
==2450932== 4,080 bytes in 1 blocks are still reachable in loss record 42 of 63
==2450932==    at 0x4848899: malloc (in /usr/libexec/valgrind/vgpreload_memcheck-amd64-linux.so)
==2450932==    by 0x48ACBAC: xmalloc (in /usr/lib/x86_64-linux-gnu/libreadline.so.8.1)
==2450932==    by 0x48A83F9: _rl_init_terminal_io (in /usr/lib/x86_64-linux-gnu/libreadline.so.8.1)
==2450932==    by 0x4894A0F: rl_initialize (in /usr/lib/x86_64-linux-gnu/libreadline.so.8.1)
==2450932==    by 0x4894CD4: readline (in /usr/lib/x86_64-linux-gnu/libreadline.so.8.1)
==2450932==    by 0x40677B: read_input_line (readline.c:99)
==2450932==    by 0x4015A9: main (minishell.c:94)
==2450932== 
==2450932== 4,112 bytes in 1 blocks are still reachable in loss record 43 of 63
==2450932==    at 0x4848899: malloc (in /usr/libexec/valgrind/vgpreload_memcheck-amd64-linux.so)
==2450932==    by 0x48ACBAC: xmalloc (in /usr/lib/x86_64-linux-gnu/libreadline.so.8.1)
==2450932==    by 0x4889251: rl_make_bare_keymap (in /usr/lib/x86_64-linux-gnu/libreadline.so.8.1)
==2450932==    by 0x4889B6A: rl_generic_bind (in /usr/lib/x86_64-linux-gnu/libreadline.so.8.1)
==2450932==    by 0x489475D: rl_bind_keyseq_if_unbound_in_map (in /usr/lib/x86_64-linux-gnu/libreadline.so.8.1)
==2450932==    by 0x48A7DD5: ??? (in /usr/lib/x86_64-linux-gnu/libreadline.so.8.1)
==2450932==    by 0x48A831F: _rl_init_terminal_io (in /usr/lib/x86_64-linux-gnu/libreadline.so.8.1)
==2450932==    by 0x4894A0F: rl_initialize (in /usr/lib/x86_64-linux-gnu/libreadline.so.8.1)
==2450932==    by 0x4894CD4: readline (in /usr/lib/x86_64-linux-gnu/libreadline.so.8.1)
==2450932==    by 0x40677B: read_input_line (readline.c:99)
==2450932==    by 0x4015A9: main (minishell.c:94)
==2450932== 
==2450932== 4,112 bytes in 1 blocks are still reachable in loss record 44 of 63
==2450932==    at 0x4848899: malloc (in /usr/libexec/valgrind/vgpreload_memcheck-amd64-linux.so)
==2450932==    by 0x48ACBAC: xmalloc (in /usr/lib/x86_64-linux-gnu/libreadline.so.8.1)
==2450932==    by 0x4889251: rl_make_bare_keymap (in /usr/lib/x86_64-linux-gnu/libreadline.so.8.1)
==2450932==    by 0x4889B6A: rl_generic_bind (in /usr/lib/x86_64-linux-gnu/libreadline.so.8.1)
==2450932==    by 0x489475D: rl_bind_keyseq_if_unbound_in_map (in /usr/lib/x86_64-linux-gnu/libreadline.so.8.1)
==2450932==    by 0x48A7E5A: ??? (in /usr/lib/x86_64-linux-gnu/libreadline.so.8.1)
==2450932==    by 0x48A831F: _rl_init_terminal_io (in /usr/lib/x86_64-linux-gnu/libreadline.so.8.1)
==2450932==    by 0x4894A0F: rl_initialize (in /usr/lib/x86_64-linux-gnu/libreadline.so.8.1)
==2450932==    by 0x4894CD4: readline (in /usr/lib/x86_64-linux-gnu/libreadline.so.8.1)
==2450932==    by 0x40677B: read_input_line (readline.c:99)
==2450932==    by 0x4015A9: main (minishell.c:94)
==2450932== 
==2450932== 4,112 bytes in 1 blocks are still reachable in loss record 45 of 63
==2450932==    at 0x4848899: malloc (in /usr/libexec/valgrind/vgpreload_memcheck-amd64-linux.so)
==2450932==    by 0x48ACBAC: xmalloc (in /usr/lib/x86_64-linux-gnu/libreadline.so.8.1)
==2450932==    by 0x4889251: rl_make_bare_keymap (in /usr/lib/x86_64-linux-gnu/libreadline.so.8.1)
==2450932==    by 0x4889B6A: rl_generic_bind (in /usr/lib/x86_64-linux-gnu/libreadline.so.8.1)
==2450932==    by 0x489475D: rl_bind_keyseq_if_unbound_in_map (in /usr/lib/x86_64-linux-gnu/libreadline.so.8.1)
==2450932==    by 0x48A7E5A: ??? (in /usr/lib/x86_64-linux-gnu/libreadline.so.8.1)
==2450932==    by 0x48A832B: _rl_init_terminal_io (in /usr/lib/x86_64-linux-gnu/libreadline.so.8.1)
==2450932==    by 0x4894A0F: rl_initialize (in /usr/lib/x86_64-linux-gnu/libreadline.so.8.1)
==2450932==    by 0x4894CD4: readline (in /usr/lib/x86_64-linux-gnu/libreadline.so.8.1)
==2450932==    by 0x40677B: read_input_line (readline.c:99)
==2450932==    by 0x4015A9: main (minishell.c:94)
==2450932== 
==2450932== 4,112 bytes in 1 blocks are still reachable in loss record 46 of 63
==2450932==    at 0x4848899: malloc (in /usr/libexec/valgrind/vgpreload_memcheck-amd64-linux.so)
==2450932==    by 0x48ACBAC: xmalloc (in /usr/lib/x86_64-linux-gnu/libreadline.so.8.1)
==2450932==    by 0x4889251: rl_make_bare_keymap (in /usr/lib/x86_64-linux-gnu/libreadline.so.8.1)
==2450932==    by 0x4889B6A: rl_generic_bind (in /usr/lib/x86_64-linux-gnu/libreadline.so.8.1)
==2450932==    by 0x489475D: rl_bind_keyseq_if_unbound_in_map (in /usr/lib/x86_64-linux-gnu/libreadline.so.8.1)
==2450932==    by 0x48A7E5A: ??? (in /usr/lib/x86_64-linux-gnu/libreadline.so.8.1)
==2450932==    by 0x48A8337: _rl_init_terminal_io (in /usr/lib/x86_64-linux-gnu/libreadline.so.8.1)
==2450932==    by 0x4894A0F: rl_initialize (in /usr/lib/x86_64-linux-gnu/libreadline.so.8.1)
==2450932==    by 0x4894CD4: readline (in /usr/lib/x86_64-linux-gnu/libreadline.so.8.1)
==2450932==    by 0x40677B: read_input_line (readline.c:99)
==2450932==    by 0x4015A9: main (minishell.c:94)
==2450932== 
==2450932== 4,112 bytes in 1 blocks are still reachable in loss record 47 of 63
==2450932==    at 0x4848899: malloc (in /usr/libexec/valgrind/vgpreload_memcheck-amd64-linux.so)
==2450932==    by 0x48ACBAC: xmalloc (in /usr/lib/x86_64-linux-gnu/libreadline.so.8.1)
==2450932==    by 0x4889251: rl_make_bare_keymap (in /usr/lib/x86_64-linux-gnu/libreadline.so.8.1)
==2450932==    by 0x4889B6A: rl_generic_bind (in /usr/lib/x86_64-linux-gnu/libreadline.so.8.1)
==2450932==    by 0x489475D: rl_bind_keyseq_if_unbound_in_map (in /usr/lib/x86_64-linux-gnu/libreadline.so.8.1)
==2450932==    by 0x489494C: ??? (in /usr/lib/x86_64-linux-gnu/libreadline.so.8.1)
==2450932==    by 0x4894A84: rl_initialize (in /usr/lib/x86_64-linux-gnu/libreadline.so.8.1)
==2450932==    by 0x4894CD4: readline (in /usr/lib/x86_64-linux-gnu/libreadline.so.8.1)
==2450932==    by 0x40677B: read_input_line (readline.c:99)
==2450932==    by 0x4015A9: main (minishell.c:94)
==2450932== 
==2450932== 4,112 bytes in 1 blocks are still reachable in loss record 48 of 63
==2450932==    at 0x4848899: malloc (in /usr/libexec/valgrind/vgpreload_memcheck-amd64-linux.so)
==2450932==    by 0x48ACBAC: xmalloc (in /usr/lib/x86_64-linux-gnu/libreadline.so.8.1)
==2450932==    by 0x4889251: rl_make_bare_keymap (in /usr/lib/x86_64-linux-gnu/libreadline.so.8.1)
==2450932==    by 0x4889B6A: rl_generic_bind (in /usr/lib/x86_64-linux-gnu/libreadline.so.8.1)
==2450932==    by 0x489475D: rl_bind_keyseq_if_unbound_in_map (in /usr/lib/x86_64-linux-gnu/libreadline.so.8.1)
==2450932==    by 0x489494C: ??? (in /usr/lib/x86_64-linux-gnu/libreadline.so.8.1)
==2450932==    by 0x4894A93: rl_initialize (in /usr/lib/x86_64-linux-gnu/libreadline.so.8.1)
==2450932==    by 0x4894CD4: readline (in /usr/lib/x86_64-linux-gnu/libreadline.so.8.1)
==2450932==    by 0x40677B: read_input_line (readline.c:99)
==2450932==    by 0x4015A9: main (minishell.c:94)
==2450932== 
==2450932== 4,112 bytes in 1 blocks are still reachable in loss record 49 of 63
==2450932==    at 0x4848899: malloc (in /usr/libexec/valgrind/vgpreload_memcheck-amd64-linux.so)
==2450932==    by 0x48ACBAC: xmalloc (in /usr/lib/x86_64-linux-gnu/libreadline.so.8.1)
==2450932==    by 0x4889251: rl_make_bare_keymap (in /usr/lib/x86_64-linux-gnu/libreadline.so.8.1)
==2450932==    by 0x4889B6A: rl_generic_bind (in /usr/lib/x86_64-linux-gnu/libreadline.so.8.1)
==2450932==    by 0x489475D: rl_bind_keyseq_if_unbound_in_map (in /usr/lib/x86_64-linux-gnu/libreadline.so.8.1)
==2450932==    by 0x489494C: ??? (in /usr/lib/x86_64-linux-gnu/libreadline.so.8.1)
==2450932==    by 0x4894AB8: rl_initialize (in /usr/lib/x86_64-linux-gnu/libreadline.so.8.1)
==2450932==    by 0x4894CD4: readline (in /usr/lib/x86_64-linux-gnu/libreadline.so.8.1)
==2450932==    by 0x40677B: read_input_line (readline.c:99)
==2450932==    by 0x4015A9: main (minishell.c:94)
==2450932== 
==2450932== 7,952 bytes in 1 blocks are still reachable in loss record 50 of 63
==2450932==    at 0x484DA83: calloc (in /usr/libexec/valgrind/vgpreload_memcheck-amd64-linux.so)
==2450932==    by 0x4AFEC97: ??? (in /usr/lib/x86_64-linux-gnu/libtinfo.so.6.3)
==2450932==    by 0x4B003AF: _nc_find_type_entry (in /usr/lib/x86_64-linux-gnu/libtinfo.so.6.3)
==2450932==    by 0x4B02E4C: tgetstr_sp (in /usr/lib/x86_64-linux-gnu/libtinfo.so.6.3)
==2450932==    by 0x48A821A: _rl_init_terminal_io (in /usr/lib/x86_64-linux-gnu/libreadline.so.8.1)
==2450932==    by 0x4894A0F: rl_initialize (in /usr/lib/x86_64-linux-gnu/libreadline.so.8.1)
==2450932==    by 0x4894CD4: readline (in /usr/lib/x86_64-linux-gnu/libreadline.so.8.1)
==2450932==    by 0x40677B: read_input_line (readline.c:99)
==2450932==    by 0x4015A9: main (minishell.c:94)
==2450932== 
==2450932== 8,224 bytes in 2 blocks are still reachable in loss record 51 of 63
==2450932==    at 0x4848899: malloc (in /usr/libexec/valgrind/vgpreload_memcheck-amd64-linux.so)
==2450932==    by 0x48ACBAC: xmalloc (in /usr/lib/x86_64-linux-gnu/libreadline.so.8.1)
==2450932==    by 0x4889251: rl_make_bare_keymap (in /usr/lib/x86_64-linux-gnu/libreadline.so.8.1)
==2450932==    by 0x4889B6A: rl_generic_bind (in /usr/lib/x86_64-linux-gnu/libreadline.so.8.1)
==2450932==    by 0x489475D: rl_bind_keyseq_if_unbound_in_map (in /usr/lib/x86_64-linux-gnu/libreadline.so.8.1)
==2450932==    by 0x48A7E47: ??? (in /usr/lib/x86_64-linux-gnu/libreadline.so.8.1)
==2450932==    by 0x48A831F: _rl_init_terminal_io (in /usr/lib/x86_64-linux-gnu/libreadline.so.8.1)
==2450932==    by 0x4894A0F: rl_initialize (in /usr/lib/x86_64-linux-gnu/libreadline.so.8.1)
==2450932==    by 0x4894CD4: readline (in /usr/lib/x86_64-linux-gnu/libreadline.so.8.1)
==2450932==    by 0x40677B: read_input_line (readline.c:99)
==2450932==    by 0x4015A9: main (minishell.c:94)
==2450932== 
==2450932== 8,224 bytes in 2 blocks are still reachable in loss record 52 of 63
==2450932==    at 0x4848899: malloc (in /usr/libexec/valgrind/vgpreload_memcheck-amd64-linux.so)
==2450932==    by 0x48ACBAC: xmalloc (in /usr/lib/x86_64-linux-gnu/libreadline.so.8.1)
==2450932==    by 0x4889251: rl_make_bare_keymap (in /usr/lib/x86_64-linux-gnu/libreadline.so.8.1)
==2450932==    by 0x4889B6A: rl_generic_bind (in /usr/lib/x86_64-linux-gnu/libreadline.so.8.1)
==2450932==    by 0x489475D: rl_bind_keyseq_if_unbound_in_map (in /usr/lib/x86_64-linux-gnu/libreadline.so.8.1)
==2450932==    by 0x48A7DD5: ??? (in /usr/lib/x86_64-linux-gnu/libreadline.so.8.1)
==2450932==    by 0x48A832B: _rl_init_terminal_io (in /usr/lib/x86_64-linux-gnu/libreadline.so.8.1)
==2450932==    by 0x4894A0F: rl_initialize (in /usr/lib/x86_64-linux-gnu/libreadline.so.8.1)
==2450932==    by 0x4894CD4: readline (in /usr/lib/x86_64-linux-gnu/libreadline.so.8.1)
==2450932==    by 0x40677B: read_input_line (readline.c:99)
==2450932==    by 0x4015A9: main (minishell.c:94)
==2450932== 
==2450932== 8,224 bytes in 2 blocks are still reachable in loss record 53 of 63
==2450932==    at 0x4848899: malloc (in /usr/libexec/valgrind/vgpreload_memcheck-amd64-linux.so)
==2450932==    by 0x48ACBAC: xmalloc (in /usr/lib/x86_64-linux-gnu/libreadline.so.8.1)
==2450932==    by 0x4889251: rl_make_bare_keymap (in /usr/lib/x86_64-linux-gnu/libreadline.so.8.1)
==2450932==    by 0x4889B6A: rl_generic_bind (in /usr/lib/x86_64-linux-gnu/libreadline.so.8.1)
==2450932==    by 0x489475D: rl_bind_keyseq_if_unbound_in_map (in /usr/lib/x86_64-linux-gnu/libreadline.so.8.1)
==2450932==    by 0x48A7E47: ??? (in /usr/lib/x86_64-linux-gnu/libreadline.so.8.1)
==2450932==    by 0x48A832B: _rl_init_terminal_io (in /usr/lib/x86_64-linux-gnu/libreadline.so.8.1)
==2450932==    by 0x4894A0F: rl_initialize (in /usr/lib/x86_64-linux-gnu/libreadline.so.8.1)
==2450932==    by 0x4894CD4: readline (in /usr/lib/x86_64-linux-gnu/libreadline.so.8.1)
==2450932==    by 0x40677B: read_input_line (readline.c:99)
==2450932==    by 0x4015A9: main (minishell.c:94)
==2450932== 
==2450932== 8,224 bytes in 2 blocks are still reachable in loss record 54 of 63
==2450932==    at 0x4848899: malloc (in /usr/libexec/valgrind/vgpreload_memcheck-amd64-linux.so)
==2450932==    by 0x48ACBAC: xmalloc (in /usr/lib/x86_64-linux-gnu/libreadline.so.8.1)
==2450932==    by 0x4889251: rl_make_bare_keymap (in /usr/lib/x86_64-linux-gnu/libreadline.so.8.1)
==2450932==    by 0x4889B6A: rl_generic_bind (in /usr/lib/x86_64-linux-gnu/libreadline.so.8.1)
==2450932==    by 0x489475D: rl_bind_keyseq_if_unbound_in_map (in /usr/lib/x86_64-linux-gnu/libreadline.so.8.1)
==2450932==    by 0x48A7DD5: ??? (in /usr/lib/x86_64-linux-gnu/libreadline.so.8.1)
==2450932==    by 0x48A8337: _rl_init_terminal_io (in /usr/lib/x86_64-linux-gnu/libreadline.so.8.1)
==2450932==    by 0x4894A0F: rl_initialize (in /usr/lib/x86_64-linux-gnu/libreadline.so.8.1)
==2450932==    by 0x4894CD4: readline (in /usr/lib/x86_64-linux-gnu/libreadline.so.8.1)
==2450932==    by 0x40677B: read_input_line (readline.c:99)
==2450932==    by 0x4015A9: main (minishell.c:94)
==2450932== 
==2450932== 8,224 bytes in 2 blocks are still reachable in loss record 55 of 63
==2450932==    at 0x4848899: malloc (in /usr/libexec/valgrind/vgpreload_memcheck-amd64-linux.so)
==2450932==    by 0x48ACBAC: xmalloc (in /usr/lib/x86_64-linux-gnu/libreadline.so.8.1)
==2450932==    by 0x4889251: rl_make_bare_keymap (in /usr/lib/x86_64-linux-gnu/libreadline.so.8.1)
==2450932==    by 0x4889B6A: rl_generic_bind (in /usr/lib/x86_64-linux-gnu/libreadline.so.8.1)
==2450932==    by 0x489475D: rl_bind_keyseq_if_unbound_in_map (in /usr/lib/x86_64-linux-gnu/libreadline.so.8.1)
==2450932==    by 0x48A7E47: ??? (in /usr/lib/x86_64-linux-gnu/libreadline.so.8.1)
==2450932==    by 0x48A8337: _rl_init_terminal_io (in /usr/lib/x86_64-linux-gnu/libreadline.so.8.1)
==2450932==    by 0x4894A0F: rl_initialize (in /usr/lib/x86_64-linux-gnu/libreadline.so.8.1)
==2450932==    by 0x4894CD4: readline (in /usr/lib/x86_64-linux-gnu/libreadline.so.8.1)
==2450932==    by 0x40677B: read_input_line (readline.c:99)
==2450932==    by 0x4015A9: main (minishell.c:94)
==2450932== 
==2450932== 8,224 bytes in 2 blocks are still reachable in loss record 56 of 63
==2450932==    at 0x4848899: malloc (in /usr/libexec/valgrind/vgpreload_memcheck-amd64-linux.so)
==2450932==    by 0x48ACBAC: xmalloc (in /usr/lib/x86_64-linux-gnu/libreadline.so.8.1)
==2450932==    by 0x4889251: rl_make_bare_keymap (in /usr/lib/x86_64-linux-gnu/libreadline.so.8.1)
==2450932==    by 0x4889B6A: rl_generic_bind (in /usr/lib/x86_64-linux-gnu/libreadline.so.8.1)
==2450932==    by 0x489475D: rl_bind_keyseq_if_unbound_in_map (in /usr/lib/x86_64-linux-gnu/libreadline.so.8.1)
==2450932==    by 0x489493D: ??? (in /usr/lib/x86_64-linux-gnu/libreadline.so.8.1)
==2450932==    by 0x4894A84: rl_initialize (in /usr/lib/x86_64-linux-gnu/libreadline.so.8.1)
==2450932==    by 0x4894CD4: readline (in /usr/lib/x86_64-linux-gnu/libreadline.so.8.1)
==2450932==    by 0x40677B: read_input_line (readline.c:99)
==2450932==    by 0x4015A9: main (minishell.c:94)
==2450932== 
==2450932== 8,224 bytes in 2 blocks are still reachable in loss record 57 of 63
==2450932==    at 0x4848899: malloc (in /usr/libexec/valgrind/vgpreload_memcheck-amd64-linux.so)
==2450932==    by 0x48ACBAC: xmalloc (in /usr/lib/x86_64-linux-gnu/libreadline.so.8.1)
==2450932==    by 0x4889251: rl_make_bare_keymap (in /usr/lib/x86_64-linux-gnu/libreadline.so.8.1)
==2450932==    by 0x4889B6A: rl_generic_bind (in /usr/lib/x86_64-linux-gnu/libreadline.so.8.1)
==2450932==    by 0x489475D: rl_bind_keyseq_if_unbound_in_map (in /usr/lib/x86_64-linux-gnu/libreadline.so.8.1)
==2450932==    by 0x489493D: ??? (in /usr/lib/x86_64-linux-gnu/libreadline.so.8.1)
==2450932==    by 0x4894A93: rl_initialize (in /usr/lib/x86_64-linux-gnu/libreadline.so.8.1)
==2450932==    by 0x4894CD4: readline (in /usr/lib/x86_64-linux-gnu/libreadline.so.8.1)
==2450932==    by 0x40677B: read_input_line (readline.c:99)
==2450932==    by 0x4015A9: main (minishell.c:94)
==2450932== 
==2450932== 8,224 bytes in 2 blocks are still reachable in loss record 58 of 63
==2450932==    at 0x4848899: malloc (in /usr/libexec/valgrind/vgpreload_memcheck-amd64-linux.so)
==2450932==    by 0x48ACBAC: xmalloc (in /usr/lib/x86_64-linux-gnu/libreadline.so.8.1)
==2450932==    by 0x4889251: rl_make_bare_keymap (in /usr/lib/x86_64-linux-gnu/libreadline.so.8.1)
==2450932==    by 0x4889B6A: rl_generic_bind (in /usr/lib/x86_64-linux-gnu/libreadline.so.8.1)
==2450932==    by 0x489475D: rl_bind_keyseq_if_unbound_in_map (in /usr/lib/x86_64-linux-gnu/libreadline.so.8.1)
==2450932==    by 0x489493D: ??? (in /usr/lib/x86_64-linux-gnu/libreadline.so.8.1)
==2450932==    by 0x4894AB8: rl_initialize (in /usr/lib/x86_64-linux-gnu/libreadline.so.8.1)
==2450932==    by 0x4894CD4: readline (in /usr/lib/x86_64-linux-gnu/libreadline.so.8.1)
==2450932==    by 0x40677B: read_input_line (readline.c:99)
==2450932==    by 0x4015A9: main (minishell.c:94)
==2450932== 
==2450932== 8,224 bytes in 2 blocks are still reachable in loss record 59 of 63
==2450932==    at 0x4848899: malloc (in /usr/libexec/valgrind/vgpreload_memcheck-amd64-linux.so)
==2450932==    by 0x48ACBAC: xmalloc (in /usr/lib/x86_64-linux-gnu/libreadline.so.8.1)
==2450932==    by 0x4889251: rl_make_bare_keymap (in /usr/lib/x86_64-linux-gnu/libreadline.so.8.1)
==2450932==    by 0x4889B6A: rl_generic_bind (in /usr/lib/x86_64-linux-gnu/libreadline.so.8.1)
==2450932==    by 0x489475D: rl_bind_keyseq_if_unbound_in_map (in /usr/lib/x86_64-linux-gnu/libreadline.so.8.1)
==2450932==    by 0x4894AD2: rl_initialize (in /usr/lib/x86_64-linux-gnu/libreadline.so.8.1)
==2450932==    by 0x4894CD4: readline (in /usr/lib/x86_64-linux-gnu/libreadline.so.8.1)
==2450932==    by 0x40677B: read_input_line (readline.c:99)
==2450932==    by 0x4015A9: main (minishell.c:94)
==2450932== 
==2450932== 8,224 bytes in 2 blocks are still reachable in loss record 60 of 63
==2450932==    at 0x4848899: malloc (in /usr/libexec/valgrind/vgpreload_memcheck-amd64-linux.so)
==2450932==    by 0x48ACBAC: xmalloc (in /usr/lib/x86_64-linux-gnu/libreadline.so.8.1)
==2450932==    by 0x4889251: rl_make_bare_keymap (in /usr/lib/x86_64-linux-gnu/libreadline.so.8.1)
==2450932==    by 0x4889B6A: rl_generic_bind (in /usr/lib/x86_64-linux-gnu/libreadline.so.8.1)
==2450932==    by 0x489475D: rl_bind_keyseq_if_unbound_in_map (in /usr/lib/x86_64-linux-gnu/libreadline.so.8.1)
==2450932==    by 0x4894AE1: rl_initialize (in /usr/lib/x86_64-linux-gnu/libreadline.so.8.1)
==2450932==    by 0x4894CD4: readline (in /usr/lib/x86_64-linux-gnu/libreadline.so.8.1)
==2450932==    by 0x40677B: read_input_line (readline.c:99)
==2450932==    by 0x4015A9: main (minishell.c:94)
==2450932== 
==2450932== 12,336 bytes in 3 blocks are still reachable in loss record 61 of 63
==2450932==    at 0x4848899: malloc (in /usr/libexec/valgrind/vgpreload_memcheck-amd64-linux.so)
==2450932==    by 0x48ACBAC: xmalloc (in /usr/lib/x86_64-linux-gnu/libreadline.so.8.1)
==2450932==    by 0x4889251: rl_make_bare_keymap (in /usr/lib/x86_64-linux-gnu/libreadline.so.8.1)
==2450932==    by 0x4889B6A: rl_generic_bind (in /usr/lib/x86_64-linux-gnu/libreadline.so.8.1)
==2450932==    by 0x489475D: rl_bind_keyseq_if_unbound_in_map (in /usr/lib/x86_64-linux-gnu/libreadline.so.8.1)
==2450932==    by 0x4894914: ??? (in /usr/lib/x86_64-linux-gnu/libreadline.so.8.1)
==2450932==    by 0x4894A93: rl_initialize (in /usr/lib/x86_64-linux-gnu/libreadline.so.8.1)
==2450932==    by 0x4894CD4: readline (in /usr/lib/x86_64-linux-gnu/libreadline.so.8.1)
==2450932==    by 0x40677B: read_input_line (readline.c:99)
==2450932==    by 0x4015A9: main (minishell.c:94)
==2450932== 
==2450932== 12,336 bytes in 3 blocks are still reachable in loss record 62 of 63
==2450932==    at 0x4848899: malloc (in /usr/libexec/valgrind/vgpreload_memcheck-amd64-linux.so)
==2450932==    by 0x48ACBAC: xmalloc (in /usr/lib/x86_64-linux-gnu/libreadline.so.8.1)
==2450932==    by 0x4889251: rl_make_bare_keymap (in /usr/lib/x86_64-linux-gnu/libreadline.so.8.1)
==2450932==    by 0x4889B6A: rl_generic_bind (in /usr/lib/x86_64-linux-gnu/libreadline.so.8.1)
==2450932==    by 0x489475D: rl_bind_keyseq_if_unbound_in_map (in /usr/lib/x86_64-linux-gnu/libreadline.so.8.1)
==2450932==    by 0x4894914: ??? (in /usr/lib/x86_64-linux-gnu/libreadline.so.8.1)
==2450932==    by 0x4894AB8: rl_initialize (in /usr/lib/x86_64-linux-gnu/libreadline.so.8.1)
==2450932==    by 0x4894CD4: readline (in /usr/lib/x86_64-linux-gnu/libreadline.so.8.1)
==2450932==    by 0x40677B: read_input_line (readline.c:99)
==2450932==    by 0x4015A9: main (minishell.c:94)
==2450932== 
==2450932== 28,784 bytes in 7 blocks are still reachable in loss record 63 of 63
==2450932==    at 0x4848899: malloc (in /usr/libexec/valgrind/vgpreload_memcheck-amd64-linux.so)
==2450932==    by 0x48ACBAC: xmalloc (in /usr/lib/x86_64-linux-gnu/libreadline.so.8.1)
==2450932==    by 0x4889251: rl_make_bare_keymap (in /usr/lib/x86_64-linux-gnu/libreadline.so.8.1)
==2450932==    by 0x4889B6A: rl_generic_bind (in /usr/lib/x86_64-linux-gnu/libreadline.so.8.1)
==2450932==    by 0x489A99E: rl_parse_and_bind (in /usr/lib/x86_64-linux-gnu/libreadline.so.8.1)
==2450932==    by 0x489AB6C: ??? (in /usr/lib/x86_64-linux-gnu/libreadline.so.8.1)
==2450932==    by 0x4894A38: rl_initialize (in /usr/lib/x86_64-linux-gnu/libreadline.so.8.1)
==2450932==    by 0x4894CD4: readline (in /usr/lib/x86_64-linux-gnu/libreadline.so.8.1)
==2450932==    by 0x40677B: read_input_line (readline.c:99)
==2450932==    by 0x4015A9: main (minishell.c:94)
==2450932== 
==2450932== LEAK SUMMARY:
==2450932==    definitely lost: 0 bytes in 0 blocks
==2450932==    indirectly lost: 0 bytes in 0 blocks
==2450932==      possibly lost: 0 bytes in 0 blocks
==2450932==    still reachable: 208,211 bytes in 222 blocks
==2450932==         suppressed: 0 bytes in 0 blocks
==2450932== 
==2450932== For lists of detected and suppressed errors, rerun with: -s
==2450932== ERROR SUMMARY: 0 errors from 0 contexts (suppressed: 0 from 0)
